Name,Fulladdress,Street,Municipality,Categories,Phone,Phones,Claimed,Review Count,Average Rating,Review URL,Google Maps URL,Latitude,Longitude,Website,Domain,Opening hours,Featured image,Cid,Place Id,Kgmid,Plus code,Google Knowledge URL,Email,Social Medias,Facebook,Instagram,Twitter,Yelp
LE FRIGO CLUB,"2 Rue des Trois Journées, 31000 Toulouse",2 Rue des Trois Journées,31000 Toulouse,Диско-клуб,07 80 97 17 17,"07 80 97 17 17, +33 7 80 97 17 17",YES,170,2.9,"https://search.google.com/local/reviews?placeid=ChIJN_9JWpm8rhIRZG6vm32E5UM&q=night+club+in+Toulouse,+France&authuser=0&hl=ru&gl=FR",https://www.google.com/maps?cid=4892462245225655908,43.6047563,1.4483119,https://www.facebook.com/lefrigoclub/?modal=admin_todo_tour,facebook.com,,https://lh5.googleusercontent.com/p/AF1QipMuMzdoDtRkTsPEnoIAO4MHrC6xRzKN8rjoH3qq=w216-h92-k-no,4892462245225655908,ChIJN_9JWpm8rhIRZG6vm32E5UM,/g/11ghpp7n0_,8FM3JC3X+W8,https://www.google.com/search?kgmid=/g/11ghpp7n0_,,"{""facebook"":""https://www.facebook.com/lefrigoclub/""}",https://www.facebook.com/lefrigoclub/,,,
L'Ecrin,"1 Rue Léonce Castelbou, 31000 Toulouse",1 Rue Léonce Castelbou,31000 Toulouse,"Бар,Клуб для взрослых,Арт-кафе,Театр",07 80 94 66 66,"07 80 94 66 66, +33 7 80 94 66 66",YES,2001,5,"https://search.google.com/local/reviews?placeid=ChIJ_-Eh5V27rhIRAval1rrR_FQ&q=night+club+in+Toulouse,+France&authuser=0&hl=ru&gl=FR",https://www.google.com/maps?cid=6124000193712354818,43.6099629,1.4380747,https://www.ecrin-strip-club.com/,ecrin-strip-club.com,"среда:[00:00–07:00], четверг:[00:00–07:00], пятница:[00:00–07:00], суббота:[00:00–07:00], воскресенье:[00:00–07:00], понедельник:[00:00–07:00], вторник:[00:00–07:00]",https://lh5.googleusercontent.com/p/AF1QipMD1ynWTAylSwzS4aVqh6QUizYAukxmD9lLWQLC=w138-h92-k-no,6124000193712354818,ChIJ_-Eh5V27rhIRAval1rrR_FQ,/g/1tdjmp_r,8FM3JC5Q+X6,https://www.google.com/search?kgmid=/g/1tdjmp_r,contact@ecrin-strip-club.com,"{""instagram"":""https://www.instagram.com/p/dc8gwwtoypu/"",""facebook"":""https://www.facebook.com/jbs003/"",""youtube"":""https://www.youtube.com/channel/ucosjwsde44rnxsewb9vzoca"",""tiktok"":""https://www.tiktok.com/@ecrinstripclub.31""}",https://www.facebook.com/jbs003/,https://www.instagram.com/p/dc8gwwtoypu/,,
ICE CLUB,"11 Rue des Gestes, 31000 Toulouse",11 Rue des Gestes,31000 Toulouse,Диско-клуб,05 61 38 72 20,"05 61 38 72 20, +33 5 61 38 72 20",YES,501,2.6,"https://search.google.com/local/reviews?placeid=ChIJ4ctfdWK7rhIROLOjYNb0eRI&q=night+club+in+Toulouse,+France&authuser=0&hl=ru&gl=FR",https://www.google.com/maps?cid=1331364366446211896,43.6030843,1.4430956,,,"среда:[00:30–07:00], четверг:[00:30–07:00], пятница:[00:30–07:00], суббота:[00:30–07:00], воскресенье:[00:30–07:00], понедельник:[00:30–07:00], вторник:[00:30–07:00]",https://lh5.googleusercontent.com/p/AF1QipMGqdJcNvkQdxvej5KurgOUjd6Itkhg9AUNQNzT=w160-h92-k-no,1331364366446211896,ChIJ4ctfdWK7rhIROLOjYNb0eRI,/g/1q5bw1yh_,8FM3JC3V+66,https://www.google.com/search?kgmid=/g/1q5bw1yh_,,"{""facebook"":""https://www.facebook.com/iceclubfr/"",""yelp"":""https://www.yelp.com/biz/ice-club-toulouse""}",https://www.facebook.com/iceclubfr/,,,https://www.yelp.com/biz/ice-club-toulouse
O Club By Charleston,"101 Rte d'Agde, 31500 Toulouse",101 Rte d'Agde,31500 Toulouse,Ночной клуб,05 61 26 44 93,"05 61 26 44 93, +33 5 61 26 44 93",YES,561,3.2,"https://search.google.com/local/reviews?placeid=ChIJT6IcHM-8rhIRDHfpEvGKc3I&q=night+club+in+Toulouse,+France&authuser=0&hl=ru&gl=FR",https://www.google.com/maps?cid=8247088110654551820,43.629211399999996,1.4806253999999999,http://www.oclub-toulouse.com/,oclub-toulouse.com,"среда:[Закрыто], четверг:[Закрыто], пятница:[00:00–06:00], суббота:[00:00–06:00], воскресенье:[00:00–06:00], понедельник:[Закрыто], вторник:[Закрыто]",https://lh5.googleusercontent.com/p/AF1QipPEIT2tXuxIakNTTigzJ9P_jK0WZQSgHP1AL4I=w138-h92-k-no,8247088110654551820,ChIJT6IcHM-8rhIRDHfpEvGKc3I,/g/12h_jnjhg,8FM3JFHJ+M7,https://www.google.com/search?kgmid=/g/12h_jnjhg,contact@oclub-toulouse.com,"{""instagram"":""https://www.instagram.com/oclubofficiel/?hl=fr"",""facebook"":""https://www.facebook.com/oclubtoulouse""}",https://www.facebook.com/oclubtoulouse,https://www.instagram.com/oclubofficiel/?hl=fr,,
Le Purple,"2 Rue Castellane, 31000 Toulouse",2 Rue Castellane,31000 Toulouse,Ночной клуб,06 14 26 34 07,"06 14 26 34 07, +33 6 14 26 34 07",YES,430,2.6,"https://search.google.com/local/reviews?placeid=ChIJExu5DJm8rhIRPG4pM8FfhHA&q=night+club+in+Toulouse,+France&authuser=0&hl=ru&gl=FR",https://www.google.com/maps?cid=8107710512565415484,43.6047034,1.4502278,https://instagram.com/le_purple_l_institution?igshid=YmMyMTA2M2Y=,instagram.com,"среда:[00:00–05:00], четверг:[00:00–06:00], пятница:[00:00–06:00], суббота:[00:00–06:00], воскресенье:[Закрыто], понедельник:[Закрыто], вторник:[Закрыто]",https://lh5.googleusercontent.com/p/AF1QipOmd-S64fDzLYoQPkrMAvfQwLfLbA6g8ifIs14b=w122-h92-k-no,8107710512565415484,ChIJExu5DJm8rhIRPG4pM8FfhHA,/g/1vzn2r35,8FM3JF32+V3,https://www.google.com/search?kgmid=/g/1vzn2r35,,"{""yelp"":""https://www.yelp.com/biz/le-purple-toulouse-2"",""facebook"":""https://www.facebook.com/le-purple-linstitution-336742603151093/""}",https://www.facebook.com/le-purple-linstitution-336742603151093/,,,https://www.yelp.com/biz/le-purple-toulouse-2
Californication Club,"23 Rue Nicolas Bachelier, 31000 Toulouse",23 Rue Nicolas Bachelier,31000 Toulouse,Диско-клуб,XlrkZ-e9DreukdUPkoCouQ4,,NO,314,3.4,"https://search.google.com/local/reviews?placeid=ChIJG28Aypm8rhIRL7o739vVSig&q=night+club+in+Toulouse,+France&authuser=0&hl=ru&gl=FR",https://www.google.com/maps?cid=2903368050113493551,43.6064465,1.4520796999999999,,,,https://lh5.googleusercontent.com/p/AF1QipMS4koOm5_3M8H45kWMFoGZpKkNLQRHnOhAop4N=w80-h106-k-no,2903368050113493551,ChIJG28Aypm8rhIRL7o739vVSig,/g/11b7rttj_9,8FM3JF42+HR,https://www.google.com/search?kgmid=/g/11b7rttj_9,,"{""yelp"":""https://www.yelp.com/biz/californication-toulouse""}",,,,https://www.yelp.com/biz/californication-toulouse
Le Bazar,"11 Rue des Puits Clos, 31000 Toulouse",11 Rue des Puits Clos,31000 Toulouse,"Диско-клуб,Ночной клуб",05 61 12 07 18,"05 61 12 07 18, +33 5 61 12 07 18",YES,509,2.9,"https://search.google.com/local/reviews?placeid=ChIJD2CNdZ28rhIRCbwiWGx7cWM&q=night+club+in+Toulouse,+France&authuser=0&hl=ru&gl=FR",https://www.google.com/maps?cid=7165644187388525577,43.6020664,1.444445,,,"среда:[01:00–07:00], четверг:[01:00–07:00], пятница:[01:00–07:00], суббота:[01:00–07:00], воскресенье:[01:00–06:00], понедельник:[01:00–06:00], вторник:[01:00–06:00]",https://lh5.googleusercontent.com/p/AF1QipNMTCaqkTPNFOsjrEcHLu_dMmXfPH9a-x0wtiVH=w80-h106-k-no,7165644187388525577,ChIJD2CNdZ28rhIRCbwiWGx7cWM,/g/1w0nbdbl,8FM3JC2V+RQ,https://www.google.com/search?kgmid=/g/1w0nbdbl,,"{""yelp"":""https://www.yelp.com/biz/le-bazar-toulouse"",""facebook"":""https://facebook.com/126530054099086""}",https://facebook.com/126530054099086,,,https://www.yelp.com/biz/le-bazar-toulouse
Le Nine Club,"26 All. des Foulques, 31200 Toulouse",26 All. des Foulques,31200 Toulouse,Ночной клуб,06 70 24 43 70,"06 70 24 43 70, +33 6 70 24 43 70",YES,310,2.7,"https://search.google.com/local/reviews?placeid=ChIJQSy_FTKlrhIRXd1bAgedFTU&q=night+club+in+Toulouse,+France&authuser=0&hl=ru&gl=FR",https://www.google.com/maps?cid=3825136111951011165,43.6520091,1.421193,https://www.lenineclub.com/?utm_source=google&utm_medium=wix_google_business_profile&utm_campaign=4088532533210112158,lenineclub.com,"среда:[Закрыто], четверг:[Закрыто], пятница:[23:00–00:00], суббота:[00:00–06:00], воскресенье:[00:00–06:00], понедельник:[Закрыто], вторник:[Закрыто]",https://lh5.googleusercontent.com/p/AF1QipPoP11-uj-evXA1xrl3NNBAgvbaui2ur34hq1-s=w138-h92-k-no,3825136111951011165,ChIJQSy_FTKlrhIRXd1bAgedFTU,/g/11q99qjd7j,8FM3MC2C+RF,https://www.google.com/search?kgmid=/g/11q99qjd7j,lenineclub@gmail.com,"{""instagram"":""https://www.instagram.com/sneakify_fr/"",""facebook"":""https://www.facebook.com/laterrazzatls""}",https://www.facebook.com/laterrazzatls,https://www.instagram.com/sneakify_fr/,,
DOWNTOWN FACTORY,"14 Bd Pierre-Paul Riquet, 31000 Toulouse",14 Bd Pierre-Paul Riquet,31000 Toulouse,"Диско-клуб,Бар,Музыкальный клуб",XlrkZ-e9DreukdUPkoCouQ4,,NO,1709,3.2,"https://search.google.com/local/reviews?placeid=ChIJrWycM5G8rhIRDifdLWhqryE&q=night+club+in+Toulouse,+France&authuser=0&hl=ru&gl=FR",https://www.google.com/maps?cid=2427275719854597902,43.6041667,1.4563888999999999,http://www.downtown-factory.com/?utm_source=google&utm_medium=wix_google_business_profile&utm_campaign=6784653510103554542,downtown-factory.com,"среда:[00:00–07:00], четверг:[00:00–07:00], пятница:[00:00–07:00], суббота:[00:00–07:00], воскресенье:[Закрыто], понедельник:[Закрыто], вторник:[Закрыто]",https://lh5.googleusercontent.com/p/AF1QipP6XyFDUXw9SDtm78zq-pnZJbPPScigSTJWVgQy=w122-h92-k-no,2427275719854597902,ChIJrWycM5G8rhIRDifdLWhqryE,/g/11g9jwhgzd,8FM3JF34+MH,https://www.google.com/search?kgmid=/g/11g9jwhgzd,,"{""facebook"":""https://www.facebook.com/downtownfactory/""}",https://www.facebook.com/downtownfactory/,,,
Karma Club,"27 Bd de la Gare, 31500 Toulouse",27 Bd de la Gare,31500 Toulouse,Диско-клуб,06 95 33 62 34,"06 95 33 62 34, +33 6 95 33 62 34",YES,41,4.4,"https://search.google.com/local/reviews?placeid=ChIJn3fAa-S9rhIRxoNNPn7Byxk&q=night+club+in+Toulouse,+France&authuser=0&hl=ru&gl=FR",https://www.google.com/maps?cid=1858792019175769030,43.6049916,1.4573458,https://instagram.com/karmaclubtoulouse?igshid=YmMyMTA2M2Y=,instagram.com,"среда:[Закрыто], четверг:[Закрыто], пятница:[00:00–06:00], суббота:[00:00–06:00], воскресенье:[19:00–00:00], понедельник:[00:00–03:00], вторник:[Закрыто]",https://lh5.googleusercontent.com/p/AF1QipPVHo7etxSLcdOAcYAibOvC-FPeS_-OzJrI_k82=w80-h106-k-no,1858792019175769030,ChIJn3fAa-S9rhIRxoNNPn7Byxk,/g/11j37lpwh_,8FM3JF34+XW,https://www.google.com/search?kgmid=/g/11j37lpwh_,,,,,,
Le Senso,"6 Rue de Bayard, 31000 Toulouse",6 Rue de Bayard,31000 Toulouse,Диско-клуб,05 61 47 59 98,"05 61 47 59 98, +33 5 61 47 59 98",YES,420,3.9,"https://search.google.com/local/reviews?placeid=ChIJHcQAbJ-8rhIRM43RRM-VXKE&q=night+club+in+Toulouse,+France&authuser=0&hl=ru&gl=FR",https://www.google.com/maps?cid=11627333055409130803,43.608300199999995,1.4469557,,,"среда:[Закрыто], четверг:[23:59–00:00], пятница:[00:00–06:00], суббота:[00:00–07:00], воскресенье:[00:00–07:00], понедельник:[Закрыто], вторник:[Закрыто]",https://lh5.googleusercontent.com/p/AF1QipPVuam1myU0633hyHmN20Z6sC6pFjN4intpJ52U=w122-h92-k-no,11627333055409130803,ChIJHcQAbJ-8rhIRM43RRM-VXKE,/g/1tsgyx4h,8FM3JC5W+8Q,https://www.google.com/search?kgmid=/g/1tsgyx4h,,,,,,
Temptation Night Club,"164 Rte de Revel, 31400 Toulouse",164 Rte de Revel,31400 Toulouse,Диско-клуб,06 69 15 82 10,"06 69 15 82 10, +33 6 69 15 82 10",YES,3,3.7,"https://search.google.com/local/reviews?placeid=ChIJixYAYIu9rhIRdCgRYXrsr0Y&q=night+club+in+Toulouse,+France&authuser=0&hl=ru&gl=FR",https://www.google.com/maps?cid=5093549713937999988,43.5712944,1.4966156,,,,,5093549713937999988,ChIJixYAYIu9rhIRdCgRYXrsr0Y,/g/11sk3w4zns,8FM3HFCW+GJ,https://www.google.com/search?kgmid=/g/11sk3w4zns,,"{""instagram"":""https://www.instagram.com/tclubofficiel/"",""facebook"":""https://www.facebook.com/clubbingtoulouse31/posts/1934319226816693/"",""yelp"":""https://www.yelp.com/biz/sarl-toulouse""}",https://www.facebook.com/clubbingtoulouse31/posts/1934319226816693/,https://www.instagram.com/tclubofficiel/,,https://www.yelp.com/biz/sarl-toulouse
RED,"56 Port Saint-Sauveur, 31000 Toulouse",56 Port Saint-Sauveur,31000 Toulouse,Ночной клуб,XlrkZ-e9DreukdUPkoCouQ4,,YES,379,4.1,"https://search.google.com/local/reviews?placeid=ChIJq6qaaI68rhIRLsyv3kI7cRU&q=night+club+in+Toulouse,+France&authuser=0&hl=ru&gl=FR",https://www.google.com/maps?cid=1545081305554734126,43.5978555,1.4569077,http://red-toulouse.club/,red-toulouse.club,"среда:[Закрыто], четверг:[Закрыто], пятница:[23:55–00:00], суббота:[00:00–07:00], воскресенье:[00:00–07:00], понедельник:[Закрыто], вторник:[Закрыто]",https://lh5.googleusercontent.com/p/AF1QipM7Ziks1MP0dB4rSXfasE3TIi1u7VK2IVKKHxk=w151-h92-k-no,1545081305554734126,ChIJq6qaaI68rhIRLsyv3kI7cRU,/g/11f01vbk9g,8FM3HFX4+4Q,https://www.google.com/search?kgmid=/g/11f01vbk9g,,"{""instagram"":""https://www.instagram.com/red.toulouse/"",""facebook"":""https://www.facebook.com/red.club.toulouse/reels/""}",https://www.facebook.com/red.club.toulouse/reels/,https://www.instagram.com/red.toulouse/,,
le Cri de la mouette,"78 All. de Barcelone, 31000 Toulouse",78 All. de Barcelone,31000 Toulouse,Диско-клуб,05 62 30 05 28,"05 62 30 05 28, +33 5 62 30 05 28",YES,429,4.2,"https://search.google.com/local/reviews?placeid=ChIJN5CiXmq7rhIRG4Yi3BMk2-0&q=night+club+in+Toulouse,+France&authuser=0&hl=ru&gl=FR",https://www.google.com/maps?cid=17139332474604783131,43.607612599999996,1.4275160999999998,,,"среда:[Закрыто], четверг:[23:00–00:00], пятница:[00:00–05:00], суббота:[00:00–06:00], воскресенье:[00:00–06:00], понедельник:[Закрыто], вторник:[Закрыто]",https://lh5.googleusercontent.com/p/AF1QipM-_iu2oMKv08mED19qydiAf9h8S6MAZ_aXtuXj=w122-h92-k-no,17139332474604783131,ChIJN5CiXmq7rhIRG4Yi3BMk2-0,/g/1tcwzcx7,8FM3JC5H+22,https://www.google.com/search?kgmid=/g/1tcwzcx7,,"{""yelp"":""https://www.yelp.com/biz/le-cri-de-la-mouette-toulouse-2"",""facebook"":""https://www.facebook.com/lecridelamouette/""}",https://www.facebook.com/lecridelamouette/,,,https://www.yelp.com/biz/le-cri-de-la-mouette-toulouse-2
After Beta Club,"24 Rue des Trois Piliers, 31000 Toulouse",24 Rue des Trois Piliers,31000 Toulouse,Диско-клуб,06 17 56 93 80,"06 17 56 93 80, +33 6 17 56 93 80",YES,87,3.7,"https://search.google.com/local/reviews?placeid=ChIJFZ4ATyi7rhIRAxzWhAqWAS8&q=night+club+in+Toulouse,+France&authuser=0&hl=ru&gl=FR",https://www.google.com/maps?cid=3387153366681787395,43.6101356,1.4402788,,,"среда:[Закрыто], четверг:[Закрыто], пятница:[Закрыто], суббота:[05:00–11:00], воскресенье:[05:00–11:00], понедельник:[Закрыто], вторник:[Закрыто]",https://lh5.googleusercontent.com/p/AF1QipM4fAnRg88OviQHRDYcfWYqn_5CUTAPeLvhtTyE=w122-h92-k-no,3387153366681787395,ChIJFZ4ATyi7rhIRAxzWhAqWAS8,/g/11gmtbz026,8FM3JC6R+34,https://www.google.com/search?kgmid=/g/11gmtbz026,,"{""facebook"":""https://www.facebook.com/emeline.tirefort.9/posts/5382658488440355""}",https://www.facebook.com/emeline.tirefort.9/posts/5382658488440355,,,
La Terrazza,"26 All. des Foulques, 31200 Toulouse",26 All. des Foulques,31200 Toulouse,"Диско-клуб,Ночной клуб",06 70 24 43 70,"06 70 24 43 70, +33 6 70 24 43 70",YES,316,2.8,"https://search.google.com/local/reviews?placeid=ChIJ5eK57uukrhIRukPzwq9tGCg&q=night+club+in+Toulouse,+France&authuser=0&hl=ru&gl=FR",https://www.google.com/maps?cid=2889179762615600058,43.6527512,1.4212882,https://www.instagram.com/la_terrazza_tls/?hl=fr,instagram.com,"среда:[22:30–05:30], четверг:[22:30–05:30], пятница:[22:30–05:30], суббота:[22:30–05:30], воскресенье:[22:30–05:30], понедельник:[Закрыто], вторник:[Закрыто]",https://lh5.googleusercontent.com/p/AF1QipOc_RLhlHYtdZ82aPvcuX5gVjPr11mf283eLZFW=w81-h92-k-no,2889179762615600058,ChIJ5eK57uukrhIRukPzwq9tGCg,/g/11c4c24rcs,8FM3MC3C+4G,https://www.google.com/search?kgmid=/g/11c4c24rcs,,"{""facebook"":""https://www.facebook.com/pauline.mariema/posts/10223241938069649""}",https://www.facebook.com/pauline.mariema/posts/10223241938069649,,,
Limelight,"23Bis Bd Pierre-Paul Riquet, 31000 Toulouse",23Bis Bd Pierre-Paul Riquet,31000 Toulouse,"Диско-клуб,Бар,Клуб,Ресторан",05 61 47 65 54,"05 61 47 65 54, +33 5 61 47 65 54",YES,627,3.2,"https://search.google.com/local/reviews?placeid=ChIJw3OB5Za8rhIRNLCpAlvPmqg&q=night+club+in+Toulouse,+France&authuser=0&hl=ru&gl=FR",https://www.google.com/maps?cid=12149250934578982964,43.6058946,1.4560039999999999,,,"среда:[00:00–07:00], четверг:[00:00–07:00], пятница:[00:00–07:00], суббота:[00:00–07:00], воскресенье:[00:00–07:00], понедельник:[00:00–07:00], вторник:[00:00–07:00]",https://lh5.googleusercontent.com/p/AF1QipOvL6BtoTifkOW2bUjUBYNkols15Ud4G28127YK=w122-h92-k-no,12149250934578982964,ChIJw3OB5Za8rhIRNLCpAlvPmqg,/g/1tfn52jc,8FM3JF44+9C,https://www.google.com/search?kgmid=/g/1tfn52jc,,"{""yelp"":""https://www.yelp.com/biz/limelight-bar-toulouse-2""}",,,,https://www.yelp.com/biz/limelight-bar-toulouse-2
The Coup d'Etat,"17 All. de Brienne, 31000 Toulouse",17 All. de Brienne,31000 Toulouse,Ночной клуб,06 16 17 52 42,"06 16 17 52 42, +33 6 16 17 52 42",YES,158,3.3,"https://search.google.com/local/reviews?placeid=ChIJI8x1sGi7rhIROkfA5pQuk7g&q=night+club+in+Toulouse,+France&authuser=0&hl=ru&gl=FR",https://www.google.com/maps?cid=13300025341616604986,43.6048586,1.4336316999999998,http://www.lecoupdetat.fr/,lecoupdetat.fr,"среда:[Закрыто], четверг:[Закрыто], пятница:[05:00–12:00], суббота:[05:00–13:00], воскресенье:[05:00–13:00], понедельник:[Закрыто], вторник:[Закрыто]",https://lh5.googleusercontent.com/p/AF1QipNrponSM5UHMQxTOTLsD6b_M3vnE25G_daOGcjD=w80-h142-k-no,13300025341616604986,ChIJI8x1sGi7rhIROkfA5pQuk7g,/g/1tdv3bw1,8FM3JC3M+WF,https://www.google.com/search?kgmid=/g/1tdv3bw1,,"{""facebook"":""https://www.facebook.com/lecoupdetat31/"",""yelp"":""https://www.yelp.com/biz/le-coup-d-etat-toulouse""}",https://www.facebook.com/lecoupdetat31/,,,https://www.yelp.com/biz/le-coup-d-etat-toulouse
Hold Up - Toulouse,"27 Bd de la Gare, 31500 Toulouse",27 Bd de la Gare,31500 Toulouse,"Диско-клуб,Бар",XlrkZ-e9DreukdUPkoCouQ4,,YES,14,3.2,"https://search.google.com/local/reviews?placeid=ChIJgfHBupa8rhIRY4H8h48Qp6c&q=night+club+in+Toulouse,+France&authuser=0&hl=ru&gl=FR",https://www.google.com/maps?cid=12080642734092484963,43.6049917,1.4573458,,,"среда:[18:00–00:00], четверг:[00:00–07:00], пятница:[00:00–07:00], суббота:[00:00–07:00], воскресенье:[00:00–07:00], понедельник:[Закрыто], вторник:[Закрыто]",https://lh5.googleusercontent.com/p/AF1QipNpmaPIlggsFCE34kBZ96B2mzg8NsE1Y1almKHr=w164-h92-k-no,12080642734092484963,ChIJgfHBupa8rhIRY4H8h48Qp6c,/g/1pp2wzcws,8FM3JF34+XW,https://www.google.com/search?kgmid=/g/1pp2wzcws,contact@holduptoulouse.com,"{""yelp"":""https://www.yelp.com/biz/hold-up-toulouse"",""facebook"":""https://www.facebook.com/toulouseholdup/""}",https://www.facebook.com/toulouseholdup/,,,https://www.yelp.com/biz/hold-up-toulouse
Le Club StGermain,"1 Rue du Puits Vert, 31000 Toulouse",1 Rue du Puits Vert,31000 Toulouse,Ночной клуб,05 61 21 89 82,"05 61 21 89 82, +33 5 61 21 89 82",YES,210,2.1,"https://search.google.com/local/reviews?placeid=ChIJ6-W5fp28rhIRY6g7S7MSz98&q=night+club+in+Toulouse,+France&authuser=0&hl=ru&gl=FR",https://www.google.com/maps?cid=16127129351907682403,43.6018367,1.4437008999999998,,,"среда:[00:00–07:00], четверг:[00:00–07:00], пятница:[00:00–07:00], суббота:[00:00–07:00], воскресенье:[Закрыто], понедельник:[Закрыто], вторник:[Закрыто]",https://lh5.googleusercontent.com/p/AF1QipNobHm8-85x1dOhyaTl4NPkmRSRWl660c_Rw4SM=w137-h92-k-no,16127129351907682403,ChIJ6-W5fp28rhIRY6g7S7MSz98,/g/1jmcr5k1m,8FM3JC2V+PF,https://www.google.com/search?kgmid=/g/1jmcr5k1m,,"{""facebook"":""https://www.facebook.com/leclubstgermain/posts/le-club-st-germain-all-night-long-du-mercredi-au-samedi-01h-07h-r%c3%a9servation-tabl/828352860865011/""}",https://www.facebook.com/leclubstgermain/posts/le-club-st-germain-all-night-long-du-mercredi-au-samedi-01h-07h-r%c3%a9servation-tabl/828352860865011/,,,
Planète Rock,"7 Chem. de Lanusse, 31200 Toulouse",7 Chem. de Lanusse,31200 Toulouse,Ночной клуб,05 61 11 45 00,"05 61 11 45 00, +33 5 61 11 45 00",YES,545,4.1,"https://search.google.com/local/reviews?placeid=ChIJbaZnzTejrhIR1iwDOgcYdPI&q=night+club+in+Toulouse,+France&authuser=0&hl=ru&gl=FR",https://www.google.com/maps?cid=17470615273794120918,43.6352778,1.4633333,http://www.planeterock.fr/,planeterock.fr,"среда:[Закрыто], четверг:[Закрыто], пятница:[22:30–00:00], суббота:[00:00–07:00], воскресенье:[00:00–07:00], понедельник:[Закрыто], вторник:[Закрыто]",https://lh5.googleusercontent.com/p/AF1QipOnHmtXk5esZHyos1LW1jp_SLALHB36sZUPCN5g=w122-h92-k-no,17470615273794120918,ChIJbaZnzTejrhIR1iwDOgcYdPI,/g/1x5bbg1k,8FM3JFP7+48,https://www.google.com/search?kgmid=/g/1x5bbg1k,,"{""facebook"":""https://www.facebook.com/planeterock.toulouse/"",""instagram"":""https://www.instagram.com/planete_rock/""}",https://www.facebook.com/planeterock.toulouse/,https://www.instagram.com/planete_rock/,,
Full House Discotheque,"19 Rue Caffarelli, 31000 Toulouse",19 Rue Caffarelli,31000 Toulouse,Диско-клуб,06 16 74 48 37,"06 16 74 48 37, +33 6 16 74 48 37",YES,114,3.7,"https://search.google.com/local/reviews?placeid=ChIJmd2beRK9rhIRf3FiKgsLaD0&q=night+club+in+Toulouse,+France&authuser=0&hl=ru&gl=FR",https://www.google.com/maps?cid=4424798776475152767,43.6090412,1.4497558,,,"среда:[00:00–07:00], четверг:[00:00–07:00], пятница:[00:00–07:00], суббота:[00:00–07:00], воскресенье:[00:00–07:00], понедельник:[Закрыто], вторник:[00:00–07:00]",https://lh5.googleusercontent.com/p/AF1QipOykO-RjC6wCnYGqpl84ur2zAWswIIo3jW_K_AY=w92-h92-k-no,4424798776475152767,ChIJmd2beRK9rhIRf3FiKgsLaD0,/g/11rs57fzd6,8FM3JC5X+JW,https://www.google.com/search?kgmid=/g/11rs57fzd6,,,,,,
Hiboo Club,"23 Rue Nicolas Bachelier, 31000 Toulouse",23 Rue Nicolas Bachelier,31000 Toulouse,Диско-клуб,06 81 17 70 91,"06 81 17 70 91, +33 6 81 17 70 91",YES,86,3.9,"https://search.google.com/local/reviews?placeid=ChIJx9m1Dbm9rhIRjzq5_n-vOQM&q=night+club+in+Toulouse,+France&authuser=0&hl=ru&gl=FR",https://www.google.com/maps?cid=232409820055550607,43.6064613,1.452097,http://www.hibooclub.com/,hibooclub.com,"среда:[Закрыто], четверг:[00:00–06:00], пятница:[00:00–06:00], суббота:[00:00–06:00], воскресенье:[00:00–05:00], понедельник:[00:00–05:00], вторник:[Закрыто]",https://lh5.googleusercontent.com/p/AF1QipNUmO7yxMbBREKKQvte-Sar41JVgJSfmBbipGog=w98-h92-k-no,232409820055550607,ChIJx9m1Dbm9rhIRjzq5_n-vOQM,/g/11vk_v21yt,8FM3JF42+HR,https://www.google.com/search?kgmid=/g/11vk_v21yt,Contact@hibooclub.com,"{""facebook"":""https://www.facebook.com/thomas.pareire/posts/2117122138432570"",""instagram"":""https://www.instagram.com/hiboo.club?igsh=z3hoowf6ywewexi5"",""tiktok"":""https://www.tiktok.com/@hibooclub?_t=8ihlqyncobg&_r=1""}",https://www.facebook.com/thomas.pareire/posts/2117122138432570,https://www.instagram.com/hiboo.club?igsh=z3hoowf6ywewexi5,,
Tropical club,"26 All. des Foulques, 31200 Toulouse",26 All. des Foulques,31200 Toulouse,Ночной клуб,p1rkZ8PfBO-tkdUPvKnVsAg,,NO,4,4.5,"https://search.google.com/local/reviews?placeid=ChIJaa1BJXelrhIRuudnSY4TlAI&q=night+club+in+Toulouse,+France&authuser=0&hl=ru&gl=FR",https://www.google.com/maps?cid=185794986466863034,43.6511236,1.420747,,,,,185794986466863034,ChIJaa1BJXelrhIRuudnSY4TlAI,/g/11l6fmtfjt,8FM3MC2C+C7,https://www.google.com/search?kgmid=/g/11l6fmtfjt,,"{""instagram"":""https://www.instagram.com/tropicalclub_31/"",""facebook"":""https://www.facebook.com/events/1125093002366108/""}",https://www.facebook.com/events/1125093002366108/,https://www.instagram.com/tropicalclub_31/,,
Pampa Club,"26 Rue Castellane, 31000 Toulouse",26 Rue Castellane,31000 Toulouse,Ночной клуб,07 56 80 03 68,"07 56 80 03 68, +33 7 56 80 03 68",YES,342,2.5,"https://search.google.com/local/reviews?placeid=ChIJSZ4roTe9rhIR8IavRR7EjGo&q=night+club+in+Toulouse,+France&authuser=0&hl=ru&gl=FR",https://www.google.com/maps?cid=7677727099057047280,43.6061548,1.4506516,https://instagram.com/pampaclubtoulouse?igshid=OGQ5ZDc2ODk2ZA==,instagram.com,"среда:[23:59–00:00], четверг:[00:00–06:00], пятница:[00:00–06:00], суббота:[00:00–06:00], воскресенье:[00:00–06:00], понедельник:[Закрыто], вторник:[Закрыто]",https://lh5.googleusercontent.com/p/AF1QipMjHzijl197bQWbJ1heD217t9lA_ierk4U0E39G=w80-h106-k-no,7677727099057047280,ChIJSZ4roTe9rhIR8IavRR7EjGo,/g/11vkcl7lvq,8FM3JF42+F7,https://www.google.com/search?kgmid=/g/11vkcl7lvq,,"{""instagram"":""https://www.instagram.com/pampaclubtoulouse/""}",,https://www.instagram.com/pampaclubtoulouse/,,
Discothèque Esméralda,"Lac de Sesquières, 31200 Toulouse",Lac de Sesquières,31200 Toulouse,"Ночной клуб,Бар",06 77 14 50 76,"06 77 14 50 76, +33 6 77 14 50 76",YES,358,2.6,"https://search.google.com/local/reviews?placeid=ChIJR6eDl-ukrhIRlrqcrxotfN0&q=night+club+in+Toulouse,+France&authuser=0&hl=ru&gl=FR",https://www.google.com/maps?cid=15959680772132878998,43.6516257,1.4211080999999999,http://www.esmeralda-discotheque.com/,esmeralda-discotheque.com,"среда:[Закрыто], четверг:[Закрыто], пятница:[23:00–00:00], суббота:[00:00–06:00], воскресенье:[00:00–07:00], понедельник:[Закрыто], вторник:[Закрыто]",https://lh5.googleusercontent.com/p/AF1QipMTnWqEWy9opeeeqRZxudGBpfm7fj5RMIc2eIAe=w182-h92-k-no,15959680772132878998,ChIJR6eDl-ukrhIRlrqcrxotfN0,/g/1tnpbln8,8FM3MC2C+MC,https://www.google.com/search?kgmid=/g/1tnpbln8,,"{""facebook"":""https://www.facebook.com/vtcprestige31/""}",https://www.facebook.com/vtcprestige31/,,,
La Paillote,"3 Rue d'Aubuisson, 31000 Toulouse",3 Rue d'Aubuisson,31000 Toulouse,Диско-клуб,p1rkZ8PfBO-tkdUPvKnVsAg,,YES,218,3.5,"https://search.google.com/local/reviews?placeid=ChIJbQpFFZq8rhIRYvkCY80eLVw&q=night+club+in+Toulouse,+France&authuser=0&hl=ru&gl=FR",https://www.google.com/maps?cid=6641998892919617890,43.603389299999996,1.4520468,,,"среда:[Закрыто], четверг:[00:00–07:00], пятница:[00:00–07:00], суббота:[00:00–07:00], воскресенье:[Закрыто], понедельник:[Закрыто], вторник:[Закрыто]",https://lh5.googleusercontent.com/p/AF1QipOeY3Z5cr8fPFbMLsYu7atvHzez9onfL2ixN2M=w122-h92-k-no,6641998892919617890,ChIJbQpFFZq8rhIRYvkCY80eLVw,/g/11c5bjv4vb,8FM3JF32+9R,https://www.google.com/search?kgmid=/g/11c5bjv4vb,lapaillote31@gmail.com,"{""yelp"":""https://www.yelp.com/biz/la-paillote-toulouse-2"",""facebook"":""https://www.facebook.com/people/la-paillote/100035761001497/""}",https://www.facebook.com/people/la-paillote/100035761001497/,,,https://www.yelp.com/biz/la-paillote-toulouse-2
Bogota After Club,"17 Rue de Bayard, 31000 Toulouse",17 Rue de Bayard,31000 Toulouse,"Диско-клуб,Ночной клуб",05 34 65 64 52,"05 34 65 64 52, +33 5 34 65 64 52",YES,59,3.2,"https://search.google.com/local/reviews?placeid=ChIJ7c2TAsK9rhIR5F9SSHkY1Sg&q=night+club+in+Toulouse,+France&authuser=0&hl=ru&gl=FR",https://www.google.com/maps?cid=2942284840739954660,43.6089938,1.4478308,,,"среда:[Закрыто], четверг:[Закрыто], пятница:[05:00–14:00], суббота:[05:00–14:00], воскресенье:[05:00–14:00], понедельник:[Закрыто], вторник:[Закрыто]",https://lh5.googleusercontent.com/p/AF1QipMxW-YHXZyNvZ6uCrasQPEjph6kSCtM0F9p6iZa=w137-h92-k-no,2942284840739954660,ChIJ7c2TAsK9rhIR5F9SSHkY1Sg,/g/11fngzvhns,8FM3JC5X+H4,https://www.google.com/search?kgmid=/g/11fngzvhns,,"{""instagram"":""https://www.instagram.com/bogota_afterclub/"",""facebook"":""https://www.facebook.com/lafterofficieltoulouse/""}",https://www.facebook.com/lafterofficieltoulouse/,https://www.instagram.com/bogota_afterclub/,,
L'ÉTOILE Club,"2 Av. d'Atlanta, 31200 Toulouse",2 Av. d'Atlanta,31200 Toulouse,"Ночной клуб,Бар",05 61 61 02 02,"05 61 61 02 02, +33 5 61 61 02 02",YES,639,3.3,"https://search.google.com/local/reviews?placeid=ChIJfb1JXDmjrhIR9Gd-o4N79gY&q=night+club+in+Toulouse,+France&authuser=0&hl=ru&gl=FR",https://www.google.com/maps?cid=501724213812291572,43.6412936,1.4672296,https://etoile-toulouse.com/,etoile-toulouse.com,"среда:[Закрыто], четверг:[Закрыто], пятница:[23:59–00:00], суббота:[00:00–06:00], воскресенье:[00:00–06:00], понедельник:[Закрыто], вторник:[Закрыто]",https://lh5.googleusercontent.com/p/AF1QipO1xECNl4A1KsEGRmHnTnEhED8F2BzMx0rsOJ5x=w138-h92-k-no,501724213812291572,ChIJfb1JXDmjrhIR9Gd-o4N79gY,/g/1hm5q6byg,8FM3JFR8+GV,https://www.google.com/search?kgmid=/g/1hm5q6byg,direction.artistique@etoile-toulouse.com,"{""instagram"":""https://www.instagram.com/etoile_toulouse/"",""facebook"":""https://www.facebook.com/letoileclubtoulouse/"",""linkedin"":""https://www.linkedin.com/company/complexe-de-l-etoile/""}",https://www.facebook.com/letoileclubtoulouse/,https://www.instagram.com/etoile_toulouse/,,
La Mandarine,"2 Rue des Trois Journées, 31000 Toulouse",2 Rue des Trois Journées,31000 Toulouse,"Клуб,Диско-клуб",07 80 12 38 68,"07 80 12 38 68, +33 7 80 12 38 68",YES,185,3.6,"https://search.google.com/local/reviews?placeid=ChIJfVfhU5m8rhIRd6XcMdvwg9c&q=night+club+in+Toulouse,+France&authuser=0&hl=ru&gl=FR",https://www.google.com/maps?cid=15529520764328650103,43.604757,1.4490379999999998,https://www.facebook.com/LaMandarineToulouse,facebook.com,"среда:[23:45–00:00], четверг:[00:00–07:00], пятница:[00:00–07:00], суббота:[00:00–07:00], воскресенье:[00:00–07:00], понедельник:[Закрыто], вторник:[Закрыто]",https://lh5.googleusercontent.com/p/AF1QipN92o5ziLU9M7GyEm6e4nty1Q_YLko9-m3nnvUb=w80-h120-k-no,15529520764328650103,ChIJfVfhU5m8rhIRd6XcMdvwg9c,/g/1vc8lj30,8FM3JC3X+WJ,https://www.google.com/search?kgmid=/g/1vc8lj30,,,,,,
1862 ARTYBAR,"24 Rue Nicolas Bachelier, 31000 Toulouse",24 Rue Nicolas Bachelier,31000 Toulouse,"Ночной клуб,Бар",06 86 37 72 61,"06 86 37 72 61, +33 6 86 37 72 61",YES,228,4,"https://search.google.com/local/reviews?placeid=ChIJd66JSpi8rhIRmS4khLD74do&q=night+club+in+Toulouse,+France&authuser=0&hl=ru&gl=FR",https://www.google.com/maps?cid=15772164105577967257,43.6068815,1.4519133,https://www.facebook.com/artybar.toulouse/,facebook.com,"среда:[21:30–00:00], четверг:[00:00–06:00], пятница:[00:00–06:00], суббота:[00:00–06:00], воскресенье:[00:00–06:00], понедельник:[Закрыто], вторник:[Закрыто]",https://lh5.googleusercontent.com/p/AF1QipMImaJ-Qe7a7_e66oCJvlSefQMb5DQWobY69RUH=w87-h92-k-no,15772164105577967257,ChIJd66JSpi8rhIRmS4khLD74do,/g/1vf_2s34,8FM3JF42+QQ,https://www.google.com/search?kgmid=/g/1vf_2s34,,"{""yelp"":""https://www.yelp.com/biz/1862-arty-bar-et-club-toulouse"",""facebook"":""https://www.facebook.com/artybar.toulouse/""}",https://www.facebook.com/artybar.toulouse/,,,https://www.yelp.com/biz/1862-arty-bar-et-club-toulouse
Azùl club,"37 Rue de l'Industrie, 31000 Toulouse",37 Rue de l'Industrie,31000 Toulouse,Ночной клуб,07 56 83 67 77,"07 56 83 67 77, +33 7 56 83 67 77",YES,49,3.8,"https://search.google.com/local/reviews?placeid=ChIJv04l-zG9rhIRnVFRRt7d1Lw&q=night+club+in+Toulouse,+France&authuser=0&hl=ru&gl=FR",https://www.google.com/maps?cid=13606744320925323677,43.6059486,1.4511151999999998,,,"среда:[Закрыто], четверг:[Закрыто], пятница:[23:59–00:00], суббота:[00:00–07:00], воскресенье:[00:00–07:00], понедельник:[00:00–07:00], вторник:[00:00–07:00]",https://lh5.googleusercontent.com/p/AF1QipMrHYYwjOC8rr4gRSWIDoa2GeNB9GULrGuxPYEl=w163-h92-k-no,13606744320925323677,ChIJv04l-zG9rhIRnVFRRt7d1Lw,/g/11wfj7cm9t,8FM3JF42+9C,https://www.google.com/search?kgmid=/g/11wfj7cm9t,,"{""instagram"":""https://www.instagram.com/reel/dbq0x52ty-2/""}",,https://www.instagram.com/reel/dbq0x52ty-2/,,
Ibar,"3 Rue Gabriel Péri, 31000 Toulouse",3 Rue Gabriel Péri,31000 Toulouse,Ночной клуб,06 11 87 47 30,"06 11 87 47 30, +33 6 11 87 47 30",YES,204,2.2,"https://search.google.com/local/reviews?placeid=ChIJ1x2cEpm8rhIRQ6PNuLvuUfk&q=night+club+in+Toulouse,+France&authuser=0&hl=ru&gl=FR",https://www.google.com/maps?cid=17965402878584398659,43.605697299999996,1.4502705,,,"среда:[00:00–06:00], четверг:[00:00–06:00], пятница:[00:00–06:00], суббота:[00:00–06:00], воскресенье:[Закрыто], понедельник:[Закрыто], вторник:[Закрыто]",https://lh5.googleusercontent.com/p/AF1QipPJNaKKJTPmc1QYHWYzugmickx4MFyJru9jJIz-=w204-h92-k-no,17965402878584398659,ChIJ1x2cEpm8rhIRQ6PNuLvuUfk,/g/11rbf3vs8p,8FM3JF42+74,https://www.google.com/search?kgmid=/g/11rbf3vs8p,,,,,,
MAGMA,"20 Rue Denfert Rochereau, 31000 Toulouse",20 Rue Denfert Rochereau,31000 Toulouse,Ночной клуб,07 86 76 18 45,"07 86 76 18 45, +33 7 86 76 18 45",YES,179,3.1,"https://search.google.com/local/reviews?placeid=ChIJcXjitIq9rhIRIGRIqMnoozk&q=night+club+in+Toulouse,+France&authuser=0&hl=ru&gl=FR",https://www.google.com/maps?cid=4153419234175116320,43.607793199999996,1.449095,http://www.magmaclub.fr/,magmaclub.fr,"среда:[Закрыто], четверг:[00:00–06:00], пятница:[00:00–06:00], суббота:[00:00–06:00], воскресенье:[00:00–06:00], понедельник:[Закрыто], вторник:[Закрыто]",https://lh5.googleusercontent.com/p/AF1QipNWxEyfDgnIf2DPOMy5_FjDWpVZa6unGKDPVDyP=w80-h106-k-no,4153419234175116320,ChIJcXjitIq9rhIRIGRIqMnoozk,/g/11sf7r8fmy,8FM3JC5X+4J,https://www.google.com/search?kgmid=/g/11sf7r8fmy,,"{""instagram"":""https://www.instagram.com/magmaclub31/"",""facebook"":""https://www.facebook.com/magmaclub31""}",https://www.facebook.com/magmaclub31,https://www.instagram.com/magmaclub31/,,
Lady's Club,"12 Rue de Stalingrad, 31000 Toulouse",12 Rue de Stalingrad,31000 Toulouse,Хостес-бар,09 81 34 01 39,"09 81 34 01 39, +33 9 81 34 01 39",YES,6,3.8,"https://search.google.com/local/reviews?placeid=ChIJGd9CnKK8rhIRioD6tkVjDho&q=night+club+in+Toulouse,+France&authuser=0&hl=ru&gl=FR",https://www.google.com/maps?cid=1877547245733838986,43.609386699999995,1.4514856,,,"среда:[15:00–02:00], четверг:[15:00–02:00], пятница:[15:00–02:00], суббота:[18:00–05:00], воскресенье:[15:00–02:00], понедельник:[15:00–02:00], вторник:[15:00–02:00]",https://lh5.googleusercontent.com/p/AF1QipNpDSmYU-dJII8GZeiXB6A0l1ep2B-cKEdOZTVE=w80-h106-k-no,1877547245733838986,ChIJGd9CnKK8rhIRioD6tkVjDho,/g/11j7vydcz1,8FM3JF52+QH,https://www.google.com/search?kgmid=/g/11j7vydcz1,,"{""facebook"":""https://www.facebook.com/ladysclubtoulouse/""}",https://www.facebook.com/ladysclubtoulouse/,,,
L'Arena,"26 All. des Foulques, 31200 Toulouse",26 All. des Foulques,31200 Toulouse,Ночной клуб,06 86 58 99 84,"06 86 58 99 84, +33 6 86 58 99 84",NO,271,3.8,"https://search.google.com/local/reviews?placeid=ChIJ0U9wmWWlrhIRZKO6sFDcXUg&q=night+club+in+Toulouse,+France&authuser=0&hl=ru&gl=FR",https://www.google.com/maps?cid=5214566182685418340,43.6519718,1.4206045999999999,https://www.facebook.com/pg/LArena-2370016756569171/,facebook.com,"среда:[Закрыто], четверг:[Закрыто], пятница:[Закрыто], суббота:[23:00–05:45], воскресенье:[Закрыто], понедельник:[Закрыто], вторник:[Закрыто]",https://lh5.googleusercontent.com/p/AF1QipMiZibvIrljGPwn5aYxyHQk1U7hld_unBuLOkKk=w122-h92-k-no,5214566182685418340,ChIJ0U9wmWWlrhIRZKO6sFDcXUg,/g/11j1_gb56s,8FM3MC2C+Q6,https://www.google.com/search?kgmid=/g/11j1_gb56s,,"{""facebook"":""https://www.facebook.com/arenaelectronicclub/""}",https://www.facebook.com/arenaelectronicclub/,,,
Colosmose,"1 Rue de Saint-Lys, 31400 Toulouse",1 Rue de Saint-Lys,31400 Toulouse,Ночной клуб,p1rkZ8PfBO-tkdUPvKnVsAg,,YES,10,5,"https://search.google.com/local/reviews?placeid=ChIJBfQYRPK9rhIRjjBAaOCALEM&q=night+club+in+Toulouse,+France&authuser=0&hl=ru&gl=FR",https://www.google.com/maps?cid=4840385400826507406,43.583545199999996,1.4456453,,,,https://streetviewpixels-pa.googleapis.com/v1/thumbnail?panoid=cq9q94EBAJ_5CZqYA88hbA&cb_client=search.gws-prod.gps&w=80&h=92&yaw=248.1389&pitch=0&thumbfov=100,4840385400826507406,ChIJBfQYRPK9rhIRjjBAaOCALEM,/g/11q956p9mx,8FM3HCMW+C7,https://www.google.com/search?kgmid=/g/11q956p9mx,,,,,,
Mahogany Club - Toulouse - Bar à cocktails,"Rue Saint-Jérôme, 31000 Toulouse",Rue Saint-Jérôme,31000 Toulouse,"Коктейль-бар,Бар,Комната отдыха,Паб,Винный бар",05 62 27 79 61,"05 62 27 79 61, +33 5 62 27 79 61",YES,105,4.5,"https://search.google.com/local/reviews?placeid=ChIJA9AE9pu8rhIRLLkp-cyScrI&q=night+club+in+Toulouse,+France&authuser=0&hl=ru&gl=FR",https://www.google.com/maps?cid=12858501295147432236,43.6033846,1.4483294999999998,,,"среда:[15:00–00:00], четверг:[15:00–00:00], пятница:[15:00–00:00], суббота:[15:00–00:00], воскресенье:[15:00–00:00], понедельник:[15:00–00:00], вторник:[15:00–00:00]",https://lh5.googleusercontent.com/p/AF1QipMRHxn3UPxY3mlQ0WegNtPFfqLAEsnbqPOMmFht=w142-h92-k-no,12858501295147432236,ChIJA9AE9pu8rhIRLLkp-cyScrI,/g/11g8v21tz9,8FM3JC3X+98,https://www.google.com/search?kgmid=/g/11g8v21tz9,,"{""instagram"":""https://www.instagram.com/mahoganyclubtoulouse/""}",,https://www.instagram.com/mahoganyclubtoulouse/,,
Vogue Club,"10 Imp. Didier Daurat, 31400 Toulouse",10 Imp. Didier Daurat,31400 Toulouse,Ночной клуб,p1rkZ8PfBO-tkdUPvKnVsAg,,NO,5,4,"https://search.google.com/local/reviews?placeid=ChIJmVRa0Cq9rhIRrcIQ4PgcFL4&q=night+club+in+Toulouse,+France&authuser=0&hl=ru&gl=FR",https://www.google.com/maps?cid=13696604221977182893,43.565951,1.4919676,https://www.facebook.com/VOGUE-CLUB-698021903740646/,facebook.com,,https://streetviewpixels-pa.googleapis.com/v1/thumbnail?panoid=APRR8_UH9TpsWZtIV1MOcw&cb_client=search.gws-prod.gps&w=80&h=92&yaw=121.520355&pitch=0&thumbfov=100,13696604221977182893,ChIJmVRa0Cq9rhIRrcIQ4PgcFL4,/g/11h0433618,8FM3HF8R+9Q,https://www.google.com/search?kgmid=/g/11h0433618,,,,,,
X Club,"85 Rte de Narbonne, 31400 Toulouse",85 Rte de Narbonne,31400 Toulouse,Ночной клуб,07 56 88 33 33,"07 56 88 33 33, +33 7 56 88 33 33",YES,78,3.8,"https://search.google.com/local/reviews?placeid=ChIJx_qChBO8rhIRas6c0rIV7sk&q=night+club+in+Toulouse,+France&authuser=0&hl=ru&gl=FR",https://www.google.com/maps?cid=14550591303862505066,43.567797,1.457211,https://www.facebook.com/profile.php?id=100063519550798&sk=reels_tab,facebook.com,,https://lh5.googleusercontent.com/p/AF1QipNCWWyI47jCVtYx646vPOvxJXGvNuv0ehPBUHHZ=w164-h92-k-no,14550591303862505066,ChIJx_qChBO8rhIRas6c0rIV7sk,/g/1v4lz89y,8FM3HF94+4V,https://www.google.com/search?kgmid=/g/1v4lz89y,,,,,,
Black Diamond,"82 Rte de Bayonne, 31300 Toulouse",82 Rte de Bayonne,31300 Toulouse,"Ночной клуб,Бар",x1rkZ-DwH6fV7M8P-f642QI,,NO,1,5,"https://search.google.com/local/reviews?placeid=ChIJ7WapHuq6rhIRvQKx73xzRWY&q=night+club+in+Toulouse,+France&authuser=0&hl=ru&gl=FR",https://www.google.com/maps?cid=7369423345696178877,43.6088409,1.3895657,https://www.facebook.com/BLACK-Diamond-Toulouse-1445413149030586/,facebook.com,"среда:[09:00–20:00], четверг:[09:00–20:00], пятница:[09:00–20:00], суббота:[09:00–20:00], воскресенье:[09:00–20:00], понедельник:[09:00–20:00], вторник:[09:00–20:00]",https://streetviewpixels-pa.googleapis.com/v1/thumbnail?panoid=PeFlfbQ9M0kVrY9D0pRnOw&cb_client=search.gws-prod.gps&w=80&h=92&yaw=46.748123&pitch=0&thumbfov=100,7369423345696178877,ChIJ7WapHuq6rhIRvQKx73xzRWY,/g/11c5rn_dnt,8FM3J95Q+GR,https://www.google.com/search?kgmid=/g/11c5rn_dnt,,,,,,
The House,"9 Rue Gabriel Péri, 31000 Toulouse",9 Rue Gabriel Péri,31000 Toulouse,"Бар,Кофейня,Арт-кафе,Караоке-бар,Комната отдыха,Ресторан,Брассери,Тапас-бар,Тапас ресторан",05 61 62 87 22,"05 61 62 87 22, +33 5 61 62 87 22",YES,1026,4.2,"https://search.google.com/local/reviews?placeid=ChIJO9RRo5m8rhIRzza4xvcyCf0&q=night+club+in+Toulouse,+France&authuser=0&hl=ru&gl=FR",https://www.google.com/maps?cid=18233160606158436047,43.605819,1.451041,,,"среда:[18:00–02:00], четверг:[18:00–02:00], пятница:[18:00–02:00], суббота:[18:00–03:00], воскресенье:[Закрыто], понедельник:[18:00–02:00], вторник:[18:00–02:00]",https://lh5.googleusercontent.com/p/AF1QipPs09kOZTZWANEKRxyyMmDssTxX0CyFRb9wy5bB=w204-h92-k-no,18233160606158436047,ChIJO9RRo5m8rhIRzza4xvcyCf0,/g/1tj634q0,8FM3JF42+8C,https://www.google.com/search?kgmid=/g/1tj634q0,,"{""facebook"":""https://www.facebook.com/barsalonlamaison/""}",https://www.facebook.com/barsalonlamaison/,,,
Le T Club,"164 Rte de Revel, 31400 Toulouse",164 Rte de Revel,31400 Toulouse,Ночной клуб,x1rkZ-DwH6fV7M8P-f642QI,,NO,2,3,"https://search.google.com/local/reviews?placeid=ChIJQ7WHZQC9rhIRrGUZj358_-M&q=night+club+in+Toulouse,+France&authuser=0&hl=ru&gl=FR",https://www.google.com/maps?cid=16428986848679388588,43.5716739,1.4961976,https://www.instagram.com/le_t.club?igsh=MWgxeXNpbmtydTR2cQ%3D%3D&utm_source=qr,instagram.com,"среда:[Закрыто], четверг:[Закрыто], пятница:[00:00–07:00], суббота:[00:00–07:00], воскресенье:[Закрыто], понедельник:[Закрыто], вторник:[Закрыто]",https://streetviewpixels-pa.googleapis.com/v1/thumbnail?panoid=kGevc0cSYVQPu_-W1-uxhA&cb_client=search.gws-prod.gps&w=80&h=92&yaw=207.68584&pitch=0&thumbfov=100,16428986848679388588,ChIJQ7WHZQC9rhIRrGUZj358_-M,/g/11vkbmf1s7,8FM3HFCW+MF,https://www.google.com/search?kgmid=/g/11vkbmf1s7,,"{""instagram"":""https://www.instagram.com/tclubofficiel/""}",,https://www.instagram.com/tclubofficiel/,,
Bar danse PUERTO HABANA,"12 Port Saint-Étienne, 31500 Toulouse",12 Port Saint-Étienne,31500 Toulouse,"Ночной клуб,Тапас-бар,Ресторан,Сальса-бар,Тапас ресторан",05 61 54 45 61,"05 61 54 45 61, +33 5 61 54 45 61",YES,2169,4.2,"https://search.google.com/local/reviews?placeid=ChIJF8bQIo68rhIROvUW-RQmFdo&q=night+club+in+Toulouse,+France&authuser=0&hl=ru&gl=FR",https://www.google.com/maps?cid=15714508346299446586,43.5990117,1.4568177999999998,http://www.puertohabana.fr/,puertohabana.fr,"среда:[19:30–02:00], четверг:[19:30–03:00], пятница:[19:30–04:00], суббота:[20:00–04:00], воскресенье:[Закрыто], понедельник:[Закрыто], вторник:[19:00–02:00]",https://lh5.googleusercontent.com/p/AF1QipPdBu04o8B9CIu0y3KJaiwKpQn4y6nz3AeoNyrQ=w122-h92-k-no,15714508346299446586,ChIJF8bQIo68rhIROvUW-RQmFdo,/g/1v2f2kf2,8FM3HFX4+JP,https://www.google.com/search?kgmid=/g/1v2f2kf2,,"{""facebook"":""https://www.facebook.com/puertohabana/"",""yelp"":""https://www.yelp.com/biz/puerto-habana-toulouse""}",https://www.facebook.com/puertohabana/,,,https://www.yelp.com/biz/puerto-habana-toulouse
Le Tube | Bar à chicha à Toulouse,"6 Chem. du Baron, 31200 Toulouse",6 Chem. du Baron,31200 Toulouse,"Кальянная,Комната отдыха,Ресторан",06 20 02 75 39,"06 20 02 75 39, +33 6 20 02 75 39",YES,65,4.6,"https://search.google.com/local/reviews?placeid=ChIJeWcStMWlrhIR0IIy49ntWw8&q=night+club+in+Toulouse,+France&authuser=0&hl=ru&gl=FR",https://www.google.com/maps?cid=1106739653525013200,43.6468067,1.4335517,,,"среда:[14:00–02:00], четверг:[14:00–02:00], пятница:[14:00–02:00], суббота:[14:00–03:00], воскресенье:[14:00–02:00], понедельник:[14:00–02:00], вторник:[14:00–02:00]",https://lh5.googleusercontent.com/p/AF1QipOnO9pFt3jutVso9RCFVD97EpM8uJO8ZUc_3Z91=w92-h92-k-no,1106739653525013200,ChIJeWcStMWlrhIR0IIy49ntWw8,/g/11jdkzmw7s,8FM3JCWM+PC,https://www.google.com/search?kgmid=/g/11jdkzmw7s,,"{""facebook"":""https://www.facebook.com/letubebourdaines/""}",https://www.facebook.com/letubebourdaines/,,,
SUPAERO PÉTANQUE CLUB,"4 Av. Edouard Belin, 31400 Toulouse",4 Av. Edouard Belin,31400 Toulouse,Ночной клуб,x1rkZ-DwH6fV7M8P-f642QI,,NO,3,5,"https://search.google.com/local/reviews?placeid=ChIJ7V2SEK69rhIRV4AGrfeyvDE&q=night+club+in+Toulouse,+France&authuser=0&hl=ru&gl=FR",https://www.google.com/maps?cid=3583936180309622871,43.5697371,1.4713952,,,,,3583936180309622871,ChIJ7V2SEK69rhIRV4AGrfeyvDE,/g/11mv0h0885,8FM3HF9C+VH,https://www.google.com/search?kgmid=/g/11mv0h0885,supaero4l@hotmail.com,"{""facebook"":""https://www.facebook.com/supaerorobotikclub/""}",https://www.facebook.com/supaerorobotikclub/,,,
Le Club,"5 Rue de la Fonderie, 31000 Toulouse",5 Rue de la Fonderie,31000 Toulouse,Тапас-бар,05 61 13 43 64,"05 61 13 43 64, +33 5 61 13 43 64",YES,501,4.5,"https://search.google.com/local/reviews?placeid=ChIJTRaVAX67rhIRw9chidyLo6c&q=night+club+in+Toulouse,+France&authuser=0&hl=ru&gl=FR",https://www.google.com/maps?cid=12079652404847564739,43.5946181,1.4433884,https://www.facebook.com/barleclubtoulouse/,facebook.com,"среда:[17:00–02:00], четверг:[17:00–02:00], пятница:[17:00–02:00], суббота:[17:00–03:00], воскресенье:[Закрыто], понедельник:[17:00–02:00], вторник:[17:00–02:00]",https://lh5.googleusercontent.com/p/AF1QipMQJQidsVZF3hTWU8od4u4sxW4UiGbwXDZ01A3Q=w122-h92-k-no,12079652404847564739,ChIJTRaVAX67rhIRw9chidyLo6c,/g/11bwpzr24v,8FM3HCVV+R9,https://www.google.com/search?kgmid=/g/11bwpzr24v,leclubtoulouse@gmail.com,"{""yelp"":""https://www.yelp.com/biz/le-club-toulouse""}",,,,https://www.yelp.com/biz/le-club-toulouse
Urban Lab,"4 Imp. Didier Daurat, 31400 Toulouse",4 Imp. Didier Daurat,31400 Toulouse,Ночной клуб,05 61 45 49 79,"05 61 45 49 79, +33 5 61 45 49 79",YES,230,4,"https://search.google.com/local/reviews?placeid=ChIJy1Ymfrq9rhIRwf2TSJK0Gh4&q=night+club+in+Toulouse,+France&authuser=0&hl=ru&gl=FR",https://www.google.com/maps?cid=2169244710908198337,43.5650805,1.4912565,https://urbanlab-31.com/,urbanlab-31.com,"среда:[Закрыто], четверг:[Закрыто], пятница:[23:00–00:00], суббота:[00:00–06:00], воскресенье:[00:00–06:00], понедельник:[Закрыто], вторник:[Закрыто]",https://lh5.googleusercontent.com/p/AF1QipPI84Mwc8Q868LLxpTU1jZB7urCa1CVuXo9vR1w=w138-h92-k-no,2169244710908198337,ChIJy1Ymfrq9rhIRwf2TSJK0Gh4,/g/11rcsv8s8b,8FM3HF8R+2G,https://www.google.com/search?kgmid=/g/11rcsv8s8b,urbanlab24@gmail.com,"{""facebook"":""https://www.facebook.com/urbanlabtoulouse/"",""instagram"":""https://www.instagram.com/urbanlabtoulouse/"",""linkedin"":""https://www.linkedin.com/company/urban-lab-31"",""youtube"":""https://www.youtube.com/@urbanlab1648"",""tiktok"":""https://www.tiktok.com/@urbanlab.toulouse""}",https://www.facebook.com/urbanlabtoulouse/,https://www.instagram.com/urbanlabtoulouse/,,
Cabaret Le Kalinka,"10 et 10 Bis Rue des Teinturiers, 31300 Toulouse",10 et 10 Bis Rue des Teinturiers,31300 Toulouse,"Кабаре,Художник,Танцевальная группа,Арт-кафе,Место проведения мероприятий,Ресторан французской кухни,Театр,Достопримечательность",05 61 42 28 72,"05 61 42 28 72, +33 5 61 42 28 72",YES,664,4.8,"https://search.google.com/local/reviews?placeid=ChIJ3wScenq7rhIRk_GP9NM4pY4&q=night+club+in+Toulouse,+France&authuser=0&hl=ru&gl=FR",https://www.google.com/maps?cid=10278684207535354259,43.5968254,1.4343679,http://www.lekalinka.com/,lekalinka.com,"среда:[Закрыто], четверг:[Закрыто], пятница:[20:00–02:00], суббота:[20:00–02:00], воскресенье:[Закрыто], понедельник:[Закрыто], вторник:[Закрыто]",https://lh5.googleusercontent.com/p/AF1QipM8tBGITEYvzKwtKuEFrAQwb7tVZJF5j3HqygEj=w122-h92-k-no,10278684207535354259,ChIJ3wScenq7rhIRk_GP9NM4pY4,/g/1tdjlgzr,8FM3HCWM+PP,https://www.google.com/search?kgmid=/g/1tdjlgzr,contact@lekalinka.com,"{""facebook"":""https://www.facebook.com/lekalinka/"",""instagram"":""https://www.instagram.com/le_kalinka/"",""yelp"":""https://www.yelp.com/biz/le-kalinka-toulouse"",""twitter"":""https://mobile.twitter.com/lekalinka""}",https://www.facebook.com/lekalinka/,https://www.instagram.com/le_kalinka/,https://mobile.twitter.com/lekalinka,https://www.yelp.com/biz/le-kalinka-toulouse
La Joco,"7 Rue Gabriel Péri, 31000 Toulouse",7 Rue Gabriel Péri,31000 Toulouse,Ночной клуб,x1rkZ-DwH6fV7M8P-f642QI,,NO,2,5,"https://search.google.com/local/reviews?placeid=ChIJ8VQC4y69rhIRTHhcC52qt0A&q=night+club+in+Toulouse,+France&authuser=0&hl=ru&gl=FR",https://www.google.com/maps?cid=4663383530642634828,43.6058674,1.4509044,,,,https://streetviewpixels-pa.googleapis.com/v1/thumbnail?panoid=L_9Mr-o4nrOW29Myaq6Xkw&cb_client=search.gws-prod.gps&w=80&h=92&yaw=2.202071&pitch=0&thumbfov=100,4663383530642634828,ChIJ8VQC4y69rhIRTHhcC52qt0A,/g/11q7swtyjq,8FM3JF42+89,https://www.google.com/search?kgmid=/g/11q7swtyjq,,,,,,
L'Eldorado,"27 Rue Héliot, 31000 Toulouse",27 Rue Héliot,31000 Toulouse,Комната отдыха,05 67 16 59 41,"05 67 16 59 41, +33 5 67 16 59 41",NO,16,3.6,"https://search.google.com/local/reviews?placeid=ChIJdQIAk5i8rhIRlydB_1_2HJg&q=night+club+in+Toulouse,+France&authuser=0&hl=ru&gl=FR",https://www.google.com/maps?cid=10960906485277730711,43.6081303,1.4499628,,,"среда:[14:00–02:00], четверг:[14:00–02:00], пятница:[14:00–02:00], суббота:[Закрыто], воскресенье:[Закрыто], понедельник:[14:00–02:00], вторник:[14:00–02:00]",https://lh5.googleusercontent.com/p/AF1QipPF01e5nEuRFAAAoMnEnrRVLCxCJTerdgR6pvrt=w199-h92-k-no,10960906485277730711,ChIJdQIAk5i8rhIRlydB_1_2HJg,/g/1tfn4spx,8FM3JC5X+7X,https://www.google.com/search?kgmid=/g/1tfn4spx,,"{""facebook"":""https://www.facebook.com/michele.jones.3998263/posts/3041511382758549""}",https://www.facebook.com/michele.jones.3998263/posts/3041511382758549,,,
Chez Red District,"7 Av. Edouard Belin, 31400 Toulouse",7 Av. Edouard Belin,31400 Toulouse,Ночной клуб,x1rkZ-DwH6fV7M8P-f642QI,,NO,4,5,"https://search.google.com/local/reviews?placeid=ChIJf4LgIQC9rhIRykRJX0asgF8&q=night+club+in+Toulouse,+France&authuser=0&hl=ru&gl=FR",https://www.google.com/maps?cid=6881689648868443338,43.5630056,1.4828786999999999,,,"среда:[23:00–03:00], четверг:[23:00–03:00], пятница:[23:00–03:00], суббота:[23:00–06:00], воскресенье:[23:00–00:00], понедельник:[00:00–06:00], вторник:[23:00–03:00]",https://lh5.googleusercontent.com/p/AF1QipPlG42SXTPQU48X_5EC7ASZ4Wb1dEQYlptd_Alp=w80-h106-k-no,6881689648868443338,ChIJf4LgIQC9rhIRykRJX0asgF8,/g/11vwflk_h6,8FM3HF7M+65,https://www.google.com/search?kgmid=/g/11vwflk_h6,,,,,,
L’antre des Kobras,"1 Rue Paul Kruger, 31200 Toulouse",1 Rue Paul Kruger,31200 Toulouse,Ночной клуб,x1rkZ-DwH6fV7M8P-f642QI,,NO,2,3,"https://search.google.com/local/reviews?placeid=ChIJ69ualX67rhIRi_eBafzN1os&q=night+club+in+Toulouse,+France&authuser=0&hl=ru&gl=FR",https://www.google.com/maps?cid=10076467700273641355,43.612812999999996,1.4232364,,,,https://lh5.googleusercontent.com/p/AF1QipOG-a9qcKLmnPlMLTpZFdjsvyFuImUQCQ20YWHA=w96-h92-k-no,10076467700273641355,ChIJ69ualX67rhIRi_eBafzN1os,/g/11j7vhh80l,8FM3JC7F+47,https://www.google.com/search?kgmid=/g/11j7vhh80l,,,,,,
L'ASTRAL,"28 Rue Gabriel Péri, 31000 Toulouse",28 Rue Gabriel Péri,31000 Toulouse,"Комната отдыха,Бар",09 74 64 14 18,"09 74 64 14 18, +33 9 74 64 14 18",YES,176,4.6,"https://search.google.com/local/reviews?placeid=ChIJA4mgEpe8rhIRpEN0TQ0MSe4&q=night+club+in+Toulouse,+France&authuser=0&hl=ru&gl=FR",https://www.google.com/maps?cid=17170268305600299940,43.6061149,1.4544496999999998,https://www.privateaser.com/lieu/52452-LASTRAL,privateaser.com,"среда:[19:00–02:00], четверг:[19:00–02:00], пятница:[19:00–02:00], суббота:[19:00–03:00], воскресенье:[19:00–00:00], понедельник:[Закрыто], вторник:[19:00–02:00]",https://lh5.googleusercontent.com/p/AF1QipO0QO-bCdnyjlY1LjvBBVrqYlENOi6Fxo-L7LtO=w137-h92-k-no,17170268305600299940,ChIJA4mgEpe8rhIRpEN0TQ0MSe4,/g/11g8vt9lzd,8FM3JF43+CQ,https://www.google.com/search?kgmid=/g/11g8vt9lzd,"contact@privateaser.com,privacy@privateaser.com,Astralbartoulouse@gmail.com","{""instagram"":""https://www.instagram.com/astralbartoulouse/"",""tiktok"":""mailto://www.tiktok.com/@privateaser"",""facebook"":""https://www.facebook.com/p3toulouse/""}",https://www.facebook.com/p3toulouse/,https://www.instagram.com/astralbartoulouse/,,
Mixix Klub,"27 Bd de la Gare, 31500 Toulouse",27 Bd de la Gare,31500 Toulouse,Ночной клуб,06 10 12 83 57,"06 10 12 83 57, +33 6 10 12 83 57",NO,5,3.6,"https://search.google.com/local/reviews?placeid=ChIJdx3Qupa8rhIRv4Oudwr5-s8&q=night+club+in+Toulouse,+France&authuser=0&hl=ru&gl=FR",https://www.google.com/maps?cid=14986564533381661631,43.6049916,1.4573458,,,,https://streetviewpixels-pa.googleapis.com/v1/thumbnail?panoid=2ug-jLoXb7XoVpW9TIiD-g&cb_client=search.gws-prod.gps&w=80&h=92&yaw=98.038025&pitch=0&thumbfov=100,14986564533381661631,ChIJdx3Qupa8rhIRv4Oudwr5-s8,/g/11c5_4gmkt,8FM3JF34+XW,https://www.google.com/search?kgmid=/g/11c5_4gmkt,,"{""facebook"":""https://www.facebook.com/mk.toulouse/posts/2212437292338088/""}",https://www.facebook.com/mk.toulouse/posts/2212437292338088/,,,
La Suitte - Strip -Tease - Club à Toulouse,"3 Rue Léon, Rue Léonce Castelbou, 31000 Toulouse",3 Rue Léon,Rue Léonce Castelbou,Клуб для взрослых,07 80 94 33 33,"07 80 94 33 33, +33 7 80 94 33 33",YES,88,4.6,"https://search.google.com/local/reviews?placeid=ChIJ1dTvUJ-8rhIRyo8Ys2SbTb0&q=night+club+in+Toulouse,+France&authuser=0&hl=ru&gl=FR",https://www.google.com/maps?cid=13640729703178866634,43.6028874,1.441525,https://lasuitte.com/,lasuitte.com,"среда:[00:00–07:00], четверг:[00:00–07:00], пятница:[00:00–07:00], суббота:[00:00–07:00], воскресенье:[00:00–07:00], понедельник:[00:00–07:00], вторник:[00:00–07:00]",https://lh5.googleusercontent.com/p/AF1QipMf3XovBk9anXgnWQiVySDZxGAkfeA55gqTB1fk=w138-h92-k-no,13640729703178866634,ChIJ1dTvUJ-8rhIRyo8Ys2SbTb0,/g/12hyz95_0,8FM3JC3R+5J,https://www.google.com/search?kgmid=/g/12hyz95_0,oxo.lasuitte@gmail.com,"{""facebook"":""https://www.facebook.com/lasuitte.stripclub/"",""instagram"":""https://www.instagram.com/p/cpf5x5it9ex/"",""youtube"":""https://www.youtube.com/channel/uc39g_tcwzsbm_hewraevmxw"",""yelp"":""https://www.yelp.com/biz/la-suitte-toulouse-2""}",https://www.facebook.com/lasuitte.stripclub/,https://www.instagram.com/p/cpf5x5it9ex/,,https://www.yelp.com/biz/la-suitte-toulouse-2
L*Agence,"26 Rue du Languedoc, 31000 Toulouse",26 Rue du Languedoc,31000 Toulouse,"Коктейль-бар,Бар,Бистро,Гастрономический бар,Ресторан высокой французской кухни,Комната отдыха,Ресторан",x1rkZ-DwH6fV7M8P-f642QI,,YES,592,4.6,"https://search.google.com/local/reviews?placeid=ChIJ_byKMEW9rhIRr8rrTVpy2XE&q=night+club+in+Toulouse,+France&authuser=0&hl=ru&gl=FR",https://www.google.com/maps?cid=8203713928411990703,43.5963558,1.4457247,https://www.lagencetoulouse.com/,lagencetoulouse.com,"среда:[18:00–00:00], четверг:[18:00–02:00], пятница:[18:00–02:00], суббота:[18:00–03:00], воскресенье:[Закрыто], понедельник:[Закрыто], вторник:[18:00–00:00]",https://lh5.googleusercontent.com/p/AF1QipOXeAVIl8tldeWmEKYJCU6ZvUPv9fniDPoXSQA=w80-h142-k-no,8203713928411990703,ChIJ_byKMEW9rhIRr8rrTVpy2XE,/g/11jx2h3m6b,8FM3HCWW+G7,https://www.google.com/search?kgmid=/g/11jx2h3m6b,"profimmo@toulouse.cci.fr,info@lagencetoulouse.com","{""instagram"":""https://www.instagram.com/agence.speakeasy/"",""facebook"":""https://www.facebook.com/agence.speakeasy/"",""yelp"":""https://www.yelp.com/biz/l-agence-toulouse-2""}",https://www.facebook.com/agence.speakeasy/,https://www.instagram.com/agence.speakeasy/,,https://www.yelp.com/biz/l-agence-toulouse-2
Le Pink Palace,"6 Bd Bonrepos, 31000 Toulouse",6 Bd Bonrepos,31000 Toulouse,"Арт-кафе,Клуб для взрослых",05 61 62 26 28,"05 61 62 26 28, +33 5 61 62 26 28",YES,85,4.4,"https://search.google.com/local/reviews?placeid=ChIJpwIweaK8rhIRpghhG5KQsl0&q=night+club+in+Toulouse,+France&authuser=0&hl=ru&gl=FR",https://www.google.com/maps?cid=6751617748580763814,43.610143099999995,1.4528353999999999,https://pinkpalace.fr/,pinkpalace.fr,,https://lh5.googleusercontent.com/p/AF1QipOdpGg-sZ3utKof70I0aMUb38ToOUagX_Ft2b8t=w129-h92-k-no,6751617748580763814,ChIJpwIweaK8rhIRpghhG5KQsl0,/g/1td8w8tl,8FM3JF63+34,https://www.google.com/search?kgmid=/g/1td8w8tl,pinkpalace31@gmail.com,"{""facebook"":""https://fr-fr.facebook.com/lepinkpalace/"",""instagram"":""https://www.instagram.com/pink_palace_toulouse/?hl=fr"",""yelp"":""https://www.yelp.com/biz/le-pink-palace-toulouse-2""}",https://fr-fr.facebook.com/lepinkpalace/,https://www.instagram.com/pink_palace_toulouse/?hl=fr,,https://www.yelp.com/biz/le-pink-palace-toulouse-2
Café Oz The Australian Bar Toulouse,"1 Rue Gabriel Péri, 31000 Toulouse",1 Rue Gabriel Péri,31000 Toulouse,"Ночной клуб,Пивной зал,Клуб,Ресторан с танцевальной площадкой,Диджей,Бар,Паб,Спорт-бар,Тапас-бар,Тапас ресторан",05 34 67 55 38,"05 34 67 55 38, +33 5 34 67 55 38",YES,2119,4,"https://search.google.com/local/reviews?placeid=ChIJX5m5kEO9rhIRUVZkJn7Z_UI&q=night+club+in+Toulouse,+France&authuser=0&hl=ru&gl=FR",https://www.google.com/maps?cid=4827253511444256337,43.6056265,1.449797,https://bar.cafe-oz.com/toulouse-jean-jaures/,bar.cafe-oz.com,"среда:[17:00–04:00], четверг:[17:00–04:00], пятница:[17:00–05:00], суббота:[17:00–05:00], воскресенье:[17:00–03:00], понедельник:[17:00–03:00], вторник:[17:00–04:00]",https://lh5.googleusercontent.com/p/AF1QipP9OfA8CrcvDtwW6dFzLDC9ugHq1KPk5fQGcwvo=w122-h92-k-no,4827253511444256337,ChIJX5m5kEO9rhIRUVZkJn7Z_UI,/g/11h7p8tj7_,8FM3JC4X+7W,https://www.google.com/search?kgmid=/g/11h7p8tj7_,toulouse@cafe-oz.com,"{""instagram"":""https://www.instagram.com/reel/dgnuzbeixdg/"",""facebook"":""https://www.facebook.com/cafeoztoulouse/"",""tiktok"":""https://www.tiktok.com/@cafeoz"",""youtube"":""https://www.youtube.com/watch?v=llopuy1_y6m""}",https://www.facebook.com/cafeoztoulouse/,https://www.instagram.com/reel/dgnuzbeixdg/,,
Satch Club,"3 Rue Lafayette, 31000 Toulouse",3 Rue Lafayette,31000 Toulouse,"Ресторан,Коктейль-бар,Джаз-клуб",06 27 51 12 22,"06 27 51 12 22, +33 6 27 51 12 22",YES,170,4.2,"https://search.google.com/local/reviews?placeid=ChIJMw78vya9rhIRUNzkQy3Wh1k&q=night+club+in+Toulouse,+France&authuser=0&hl=ru&gl=FR",https://www.google.com/maps?cid=6451360481132469328,43.605053,1.4441224,http://satch-club.fr/,satch-club.fr,"среда:[19:00–02:00], четверг:[19:00–02:00], пятница:[19:00–02:00], суббота:[19:00–03:00], воскресенье:[Закрыто], понедельник:[Закрыто], вторник:[Закрыто]",https://lh5.googleusercontent.com/p/AF1QipPPxJwSg_C2ec3TkYUTeEQuwq3P44bATlYiCgf3=w122-h92-k-no,6451360481132469328,ChIJMw78vya9rhIRUNzkQy3Wh1k,/g/11g23sb3n6,8FM3JC4V+2J,https://www.google.com/search?kgmid=/g/11g23sb3n6,satch.club.toulouse@gmail.com,"{""instagram"":""https://www.instagram.com/satch_club/reels/"",""yelp"":""https://www.yelp.com/biz/satch-club-toulouse""}",,https://www.instagram.com/satch_club/reels/,,https://www.yelp.com/biz/satch-club-toulouse
Le Sunlight,"7 Pl. du Fer À Cheval, 31300 Toulouse",7 Pl. du Fer À Cheval,31300 Toulouse,Ночной клуб,05 62 48 09 45,"05 62 48 09 45, +33 5 62 48 09 45",NO,2,3,"https://search.google.com/local/reviews?placeid=ChIJRZ6x1Xm7rhIRg4iQ9g0HWqU&q=night+club+in+Toulouse,+France&authuser=0&hl=ru&gl=FR",https://www.google.com/maps?cid=11914843520714705027,43.5930931,1.4338802,,,,https://streetviewpixels-pa.googleapis.com/v1/thumbnail?panoid=hZ4OCo572aorZp6Br4oLfw&cb_client=search.gws-prod.gps&w=80&h=92&yaw=302.7505&pitch=0&thumbfov=100,11914843520714705027,ChIJRZ6x1Xm7rhIRg4iQ9g0HWqU,/g/1tlzrgfx,8FM3HCVM+6H,https://www.google.com/search?kgmid=/g/1tlzrgfx,,,,,,
Le Bear's Bar,"44 Bd de la Gare, 31500 Toulouse",44 Bd de la Gare,31500 Toulouse,"Ночной клуб,Гей-бар",05 61 61 54 28,"05 61 61 54 28, +33 5 61 61 54 28",YES,194,4.4,"https://search.google.com/local/reviews?placeid=ChIJb2z9Ps5UV0ARG50FXt8wkSY&q=night+club+in+Toulouse,+France&authuser=0&hl=ru&gl=FR",https://www.google.com/maps?cid=2779056180977573147,43.607216099999995,1.4562418,http://www.bears-toulouse.club/,bears-toulouse.club,"среда:[21:00–04:00], четверг:[21:00–04:00], пятница:[21:00–05:00], суббота:[19:00–05:00], воскресенье:[19:00–04:00], понедельник:[Закрыто], вторник:[Закрыто]",https://lh5.googleusercontent.com/p/AF1QipPreVUsLxDzsP2bBY-9ihLT_dBWLPTZSsQpgCkF=w163-h92-k-no,2779056180977573147,ChIJb2z9Ps5UV0ARG50FXt8wkSY,/g/1tg_14qs,8FM3JF44+VF,https://www.google.com/search?kgmid=/g/1tg_14qs,,"{""facebook"":""https://www.facebook.com/bearstoulouse"",""instagram"":""https://www.instagram.com/bears.toulouse/"",""yelp"":""https://www.yelp.com/biz/le-bears-bar-toulouse""}",https://www.facebook.com/bearstoulouse,https://www.instagram.com/bears.toulouse/,,https://www.yelp.com/biz/le-bears-bar-toulouse
Le Vanguard,"23 Rue Nicolas Bachelier, 31000 Toulouse",23 Rue Nicolas Bachelier,31000 Toulouse,"Диско-клуб,Ночной клуб",51rkZ8aAFI6dkdUP57a_4QM,,YES,123,3.8,"https://search.google.com/local/reviews?placeid=ChIJ___Ty5m8rhIRDSh-IIrKABw&q=night+club+in+Toulouse,+France&authuser=0&hl=ru&gl=FR",https://www.google.com/maps?cid=2017835327661418509,43.6064465,1.4520796999999999,https://www.facebook.com/Vanguard.toulouse,facebook.com,,https://lh5.googleusercontent.com/p/AF1QipOl0PNvUhXMNi2arPkUyreqHtj95-9kyGjBx57i=w166-h92-k-no,2017835327661418509,ChIJ___Ty5m8rhIRDSh-IIrKABw,/g/11rqsz8k8x,8FM3JF42+HR,https://www.google.com/search?kgmid=/g/11rqsz8k8x,,,,,,
Le Karioka - Karaoké box & Bar,"58 Rue Pierre-Paul Riquet, 31000 Toulouse",58 Rue Pierre-Paul Riquet,31000 Toulouse,"Караоке-бар,Бар,Прокат оборудования для караоке,Видеокараоке",05 81 97 07 84,"05 81 97 07 84, +33 5 81 97 07 84",YES,268,4.9,"https://search.google.com/local/reviews?placeid=ChIJM6q3tpO9rhIR7fS-3FF8mPw&q=night+club+in+Toulouse,+France&authuser=0&hl=ru&gl=FR",https://www.google.com/maps?cid=18201434585055556845,43.6057632,1.4542171,http://www.karioka-karaoke.com/,karioka-karaoke.com,"среда:[17:00–00:30], четверг:[17:00–01:00], пятница:[17:00–01:00], суббота:[14:00–01:30], воскресенье:[Закрыто], понедельник:[Закрыто], вторник:[17:00–00:30]",https://lh5.googleusercontent.com/p/AF1QipPoUeUSCrewsbpOyAj-jH9W1mi6aQUW62LFd9Wg=w80-h106-k-no,18201434585055556845,ChIJM6q3tpO9rhIR7fS-3FF8mPw,/g/11j2lp_lbq,8FM3JF43+8M,https://www.google.com/search?kgmid=/g/11j2lp_lbq,contact@karioka-karaoke.com,"{""facebook"":""https://www.facebook.com/lekarioka/"",""instagram"":""https://www.instagram.com/le_karioka_karaoke/""}",https://www.facebook.com/lekarioka/,https://www.instagram.com/le_karioka_karaoke/,,
Kim's night club,"30 Bd de Thibaud, 31100 Toulouse",30 Bd de Thibaud,31100 Toulouse,Ночной клуб,51rkZ8aAFI6dkdUP57a_4QM,,NO,,,,https://www.google.com/maps?cid=8862569565577568060,43.5507916,1.4007512,,,,,8862569565577568060,ChIJAz7fKlW5rhIRPF9wYRAs_no,/g/11jj1264sy,8FM3HC22+88,https://www.google.com/search?kgmid=/g/11jj1264sy,,"{""yelp"":""https://www.yelp.com/biz/le-sc%c3%a9nario-toulouse-2""}",,,,https://www.yelp.com/biz/le-sc%c3%a9nario-toulouse-2
Le Bronx,"All. des Foulques, 31200 Toulouse",All. des Foulques,31200 Toulouse,"Ночной клуб,Школа верховой езды",05 61 37 14 14,"05 61 37 14 14, +33 5 61 37 14 14",NO,1,5,"https://search.google.com/local/reviews?placeid=ChIJizRnCMKkrhIRmEOTCjRJIKs&q=night+club+in+Toulouse,+France&authuser=0&hl=ru&gl=FR",https://www.google.com/maps?cid=12330936267604968344,43.647034,1.4197974,,,,https://streetviewpixels-pa.googleapis.com/v1/thumbnail?panoid=Rx6wW4E_dlv6PeQmZIHsZA&cb_client=search.gws-prod.gps&w=80&h=92&yaw=349.2199&pitch=0&thumbfov=100,12330936267604968344,ChIJizRnCMKkrhIRmEOTCjRJIKs,/g/1tdjm2fq,8FM3JCW9+RW,https://www.google.com/search?kgmid=/g/1tdjm2fq,,"{""yelp"":""https://www.yelp.com/biz/le-bronx-toulouse"",""facebook"":""https://www.facebook.com/esmeraldatoulouse/""}",https://www.facebook.com/esmeraldatoulouse/,,,https://www.yelp.com/biz/le-bronx-toulouse
Cabaret La Vénus,"388 Av. des États-Unis, 31200 Toulouse",388 Av. des États-Unis,31200 Toulouse,"Кабаре,Арт-кафе,Место проведения мероприятий,Театр,Семинария,Ресторан юго-западной французской кухни,Свадебный кейтеринг",05 61 62 38 85,"05 61 62 38 85, +33 5 61 62 38 85",YES,485,4.1,"https://search.google.com/local/reviews?placeid=ChIJb-BpZ_ekrhIRMSUEHkd6l40&q=night+club+in+Toulouse,+France&authuser=0&hl=ru&gl=FR",https://www.google.com/maps?cid=10202757926696002865,43.6636501,1.4154636999999999,http://www.lavenus-toulouse.com/,lavenus-toulouse.com,"среда:[20:00–03:00], четверг:[20:00–03:00], пятница:[20:00–03:00], суббота:[20:00–03:00], воскресенье:[12:00–18:00], понедельник:[20:00–03:00], вторник:[20:00–03:00]",https://lh5.googleusercontent.com/p/AF1QipMm6kknrUUp5yMsf3d_EtS3b19_mZOY1C7lUTC3=w163-h92-k-no,10202757926696002865,ChIJb-BpZ_ekrhIRMSUEHkd6l40,/g/1vl0bhvs,8FM3MC78+F5,https://www.google.com/search?kgmid=/g/1vl0bhvs,"lavenus@free.fr,contact.lavenus@orange.fr","{""facebook"":""https://www.facebook.com/la.venus.toulouse/"",""yelp"":""https://www.yelp.com/biz/la-v%c3%a9nus-toulouse-2"",""instagram"":""https://www.instagram.com/cabaretlavenus""}",https://www.facebook.com/la.venus.toulouse/,https://www.instagram.com/cabaretlavenus,,https://www.yelp.com/biz/la-v%c3%a9nus-toulouse-2
Fat Cat,"4 Rue Charles de Rémusat, 31000 Toulouse",4 Rue Charles de Rémusat,31000 Toulouse,Коктейль-бар,51rkZ8aAFI6dkdUP57a_4QM,,YES,1052,4.6,"https://search.google.com/local/reviews?placeid=ChIJY_flGp68rhIRsS50jSjAnEQ&q=night+club+in+Toulouse,+France&authuser=0&hl=ru&gl=FR",https://www.google.com/maps?cid=4944037771350388401,43.605233999999996,1.4439514999999998,https://www.facebook.com/pages/Fat-Cat/316773371859825,facebook.com,"среда:[18:00–02:00], четверг:[18:00–02:00], пятница:[18:00–02:00], суббота:[18:00–03:00], воскресенье:[Закрыто], понедельник:[18:00–02:00], вторник:[18:00–02:00]",https://lh5.googleusercontent.com/p/AF1QipNfzelNFvrcHGBzHjkUO9Q62HLNgGTFD837BxRG=w80-h106-k-no,4944037771350388401,ChIJY_flGp68rhIRsS50jSjAnEQ,/g/11b7ywq8t_,8FM3JC4V+3H,https://www.google.com/search?kgmid=/g/11b7ywq8t_,,,,,,
Opium Club,"20 Rue Denfert Rochereau, 31000 Toulouse",20 Rue Denfert Rochereau,31000 Toulouse,Ночной клуб,06 77 90 32 27,"06 77 90 32 27, +33 6 77 90 32 27",YES,360,3,"https://search.google.com/local/reviews?placeid=ChIJ23AMyJi8rhIRgI_QGxJr1FE&q=night+club+in+Toulouse,+France&authuser=0&hl=ru&gl=FR",https://www.google.com/maps?cid=5896455537655058304,43.607869799999996,1.4489187,http://facebook.com/opiumclubtoulouse,facebook.com,,https://lh5.googleusercontent.com/p/AF1QipMOaf6FNZ2GIEiqdGPpPzVart66z9AS9UXOlK6A=w137-h92-k-no,5896455537655058304,ChIJ23AMyJi8rhIRgI_QGxJr1FE,/g/1hd_zmtls,8FM3JC5X+4H,https://www.google.com/search?kgmid=/g/1hd_zmtls,britel.amine@gmail.com,"{""facebook"":""https://www.facebook.com/opiumclubtoulouse/""}",https://www.facebook.com/opiumclubtoulouse/,,,
Night Club,"15 Rue des Tourneurs, 31000 Toulouse",15 Rue des Tourneurs,31000 Toulouse,Ночной клуб,51rkZ8aAFI6dkdUP57a_4QM,,NO,,,,https://www.google.com/maps?cid=11331610721544429698,43.5999404,1.4451958999999999,,,,https://streetviewpixels-pa.googleapis.com/v1/thumbnail?panoid=ZPPAIMw-svKWqxfCr8LMEQ&cb_client=search.gws-prod.gps&w=80&h=92&yaw=237.5576&pitch=0&thumbfov=100,11331610721544429698,ChIJt6eLMZ28rhIRguCp7un3QZ0,/g/11fqsl1zzf,8FM3HCXW+X3,https://www.google.com/search?kgmid=/g/11fqsl1zzf,,,,,,
The Dolphin,"3 bis Bd de Strasbourg, 31000 Toulouse",3 bis Bd de Strasbourg,31000 Toulouse,"Бар,Коктейль-бар,Караоке-бар,Спорт-бар",05 61 21 92 18,"05 61 21 92 18, +33 5 61 21 92 18",YES,385,4.1,"https://search.google.com/local/reviews?placeid=ChIJNxVmzJ68rhIRK11T0RlYKvk&q=night+club+in+Toulouse,+France&authuser=0&hl=ru&gl=FR",https://www.google.com/maps?cid=17954259732375231787,43.605953,1.4481199999999999,,,"среда:[08:00–02:00], четверг:[08:00–02:00], пятница:[08:00–02:00], суббота:[17:00–03:00], воскресенье:[17:00–02:00], понедельник:[08:00–02:00], вторник:[08:00–02:00]",https://lh5.googleusercontent.com/p/AF1QipP9vMGg0xtqopIBIDgydnDX0o-GJAoxz5qt1va4=w163-h92-k-no,17954259732375231787,ChIJNxVmzJ68rhIRK11T0RlYKvk,/g/1v387d6g,8FM3JC4X+96,https://www.google.com/search?kgmid=/g/1v387d6g,,,,,,
Le Privilège,"29 Chem. du Loudet, 31770 Colomiers",29 Chem. du Loudet,31770 Colomiers,Ночной клуб,05 34 36 42 50,"05 34 36 42 50, +33 5 34 36 42 50",YES,207,3.2,"https://search.google.com/local/reviews?placeid=ChIJx0J2v5SxrhIRqMWNNxo_ABo&q=night+club+in+Toulouse,+France&authuser=0&hl=ru&gl=FR",https://www.google.com/maps?cid=1873566826819863976,43.6098758,1.3047125,http://www.bowlingstadium.fr/colomiers/club-privilege/,bowlingstadium.fr,"среда:[Закрыто], четверг:[Закрыто], пятница:[23:00–05:00], суббота:[23:00–05:00], воскресенье:[Закрыто], понедельник:[Закрыто], вторник:[Закрыто]",https://lh5.googleusercontent.com/p/AF1QipPkZhBGBW2LfIXwUGMs1oPX8L9G0IvLXw75a57d=w138-h92-k-no,1873566826819863976,ChIJx0J2v5SxrhIRqMWNNxo_ABo,/g/11b6py_htp,8FM3J853+XV,https://www.google.com/search?kgmid=/g/11b6py_htp,"colomiers@bowlingstadium.fr,handicap@gnfa-auto.fr,beauzelle_centre@gnfa-auto.fr,franconville@bowlingstadium.fr","{""facebook"":""https://www.facebook.com/pages/bowling-du-stadium-colomiers/187658871244113"",""instagram"":""https://www.instagram.com/bowlingstadiumcolomiers/""}",https://www.facebook.com/pages/bowling-du-stadium-colomiers/187658871244113,https://www.instagram.com/bowlingstadiumcolomiers/,,
The saint the seines,"5 Pl. Saint-Pierre, 31000 Toulouse",5 Pl. Saint-Pierre,31000 Toulouse,Бар,05 61 22 11 39,"05 61 22 11 39, +33 5 61 22 11 39",YES,1060,4,"https://search.google.com/local/reviews?placeid=ChIJG37SNGS7rhIRjmf-xaN89Qo&q=night+club+in+Toulouse,+France&authuser=0&hl=ru&gl=FR",https://www.google.com/maps?cid=789674352516687758,43.6034729,1.4364858,,,"среда:[16:00–02:00], четверг:[16:00–02:00], пятница:[16:00–02:00], суббота:[16:00–03:00], воскресенье:[Закрыто], понедельник:[16:00–02:00], вторник:[16:00–02:00]",https://lh5.googleusercontent.com/p/AF1QipNkCWLc-ODP3Xs8-Pzgs1bUBEbdquanxTIFOeIs=w122-h92-k-no,789674352516687758,ChIJG37SNGS7rhIRjmf-xaN89Qo,/g/1tgldhhm,8FM3JC3P+9H,https://www.google.com/search?kgmid=/g/1tgldhhm,,"{""yelp"":""https://www.yelp.com/biz/le-saint-des-seins-toulouse"",""facebook"":""https://facebook.com/350788811748668""}",https://facebook.com/350788811748668,,,https://www.yelp.com/biz/le-saint-des-seins-toulouse
"Dancing Le Madison, Restaurant Dansant, Retro, Disco, Rock, Salsa,","9 Rue Clément Ader, 31140 Aucamville",9 Rue Clément Ader,31140 Aucamville,"Ночной клуб,Учитель бальных танцев,Танцевальный клуб,Танцевальный зал,Театр,Рок-клуб,Сальса-бар,Уроки сальсы,Тапас-бар,Чайхана",06 75 03 84 36,"06 75 03 84 36, +33 6 75 03 84 36",YES,156,4,"https://search.google.com/local/reviews?placeid=ChIJh80mi1akrhIRw2QbS00Sd00&q=night+club+in+Toulouse,+France&authuser=0&hl=ru&gl=FR",https://www.google.com/maps?cid=5581950386330887363,43.6701469,1.4119631,,,"среда:[Закрыто], четверг:[20:30–02:00], пятница:[20:30–02:00], суббота:[20:30–03:00], воскресенье:[13:30–19:00], понедельник:[Закрыто], вторник:[Закрыто]",https://lh5.googleusercontent.com/p/AF1QipNOMT_kChxmoGNgezIBNyc5mTFGvQusyWcfd7lO=w138-h92-k-no,5581950386330887363,ChIJh80mi1akrhIRw2QbS00Sd00,/g/11b7079w8r,8FM3MCC6+3Q,https://www.google.com/search?kgmid=/g/11b7079w8r,,"{""facebook"":""https://www.facebook.com/1996672367095279/""}",https://www.facebook.com/1996672367095279/,,,
BlastoDice,"52 Av. Honoré Serres, 31000 Toulouse",52 Av. Honoré Serres,31000 Toulouse,"Бар,Клуб настольных игр,Комната отдыха,Ресторан,Тапас-бар",09 86 72 51 81,"09 86 72 51 81, +33 9 86 72 51 81",YES,1299,4.7,"https://search.google.com/local/reviews?placeid=ChIJV4996Vu7rhIRsNudE-vUDKo&q=night+club+in+Toulouse,+France&authuser=0&hl=ru&gl=FR",https://www.google.com/maps?cid=12253402792279792560,43.6151481,1.4377319,http://www.blastodice.com/,blastodice.com,"среда:[18:00–01:00], четверг:[18:00–01:00], пятница:[18:00–02:00], суббота:[15:00–02:00], воскресенье:[15:00–00:00], понедельник:[18:00–01:00], вторник:[18:00–01:00]",https://lh5.googleusercontent.com/p/AF1QipMZ7BVLm4WJwYZSou3LqtjFh00tUKkTlqzxEDKQ=w122-h92-k-no,12253402792279792560,ChIJV4996Vu7rhIRsNudE-vUDKo,/g/11csqhkh2y,8FM3JC8Q+33,https://www.google.com/search?kgmid=/g/11csqhkh2y,blastotroll@hotmail.com,"{""facebook"":""https://www.facebook.com/blastodice-155993481405273/"",""yelp"":""https://www.yelp.com/biz/blastodice-toulouse""}",https://www.facebook.com/blastodice-155993481405273/,,,https://www.yelp.com/biz/blastodice-toulouse
ZAPATA TOULOUSE,"Lac de Sesquières, 26 All. des Foulques, 31200 Toulouse",Lac de Sesquières,26 All. des Foulques,"Ночной клуб,Ресторан,Театр,Тапас-бар",06 95 34 54 08,"06 95 34 54 08, +33 6 95 34 54 08",YES,845,4.3,"https://search.google.com/local/reviews?placeid=ChIJL0zW8bSlrhIRFU4DVI6QbtE&q=night+club+in+Toulouse,+France&authuser=0&hl=ru&gl=FR",https://www.google.com/maps?cid=15091158342334369301,43.652194,1.4206078,https://www.zapatatoulouse.fr/,zapatatoulouse.fr,"среда:[Закрыто], четверг:[Закрыто], пятница:[20:00–04:00], суббота:[20:00–04:00], воскресенье:[Закрыто], понедельник:[Закрыто], вторник:[Закрыто]",https://lh5.googleusercontent.com/p/AF1QipOwNfYNuGiO8Ips8sooZ77uLcF4MjgRlqn-_p0e=w92-h92-k-no,15091158342334369301,ChIJL0zW8bSlrhIRFU4DVI6QbtE,/g/11h2crzvtv,8FM3MC2C+V6,https://www.google.com/search?kgmid=/g/11h2crzvtv,30/contact@lapierretoulouse.com,"{""youtube"":""https://www.youtube.com/@zapatatoulouse"",""instagram"":""https://instagram.com/wix""}",,https://instagram.com/wix,,
The Caribe Bar,"12 Pl. Victor Hugo, 31000 Toulouse",12 Pl. Victor Hugo,31000 Toulouse,Бар,05 61 22 48 99,"05 61 22 48 99, +33 5 61 22 48 99",YES,876,4.2,"https://search.google.com/local/reviews?placeid=ChIJvzjB5568rhIR034MkIwgXYg&q=night+club+in+Toulouse,+France&authuser=0&hl=ru&gl=FR",https://www.google.com/maps?cid=9826045750076538579,43.6062357,1.4470811,https://www.facebook.com/caribe.bartoulouse,facebook.com,"среда:[18:00–02:00], четверг:[18:00–02:00], пятница:[18:00–02:00], суббота:[18:00–03:00], воскресенье:[12:00–21:00], понедельник:[Закрыто], вторник:[18:00–02:00]",https://lh5.googleusercontent.com/p/AF1QipPckxBmIMVzccTs60sBJ-OIM5tnNXGKylPhj-4O=w122-h92-k-no,9826045750076538579,ChIJvzjB5568rhIR034MkIwgXYg,/g/1tgldhh_,8FM3JC4W+FR,https://www.google.com/search?kgmid=/g/1tgldhh_,,"{""yelp"":""https://www.yelp.com/biz/le-caribe-toulouse"",""facebook"":""https://facebook.com/144401912271354""}",https://facebook.com/144401912271354,,,https://www.yelp.com/biz/le-caribe-toulouse
La Croix du Sud Lounge,"31703 Route de Blagnac, Toulouse",31703 Route de Blagnac,Toulouse,Комната отдыха,51rkZ8aAFI6dkdUP57a_4QM,,NO,114,2.3,"https://search.google.com/local/reviews?placeid=ChIJa871zWClrhIRkGzYUksgosY&q=night+club+in+Toulouse,+France&authuser=0&hl=ru&gl=FR",https://www.google.com/maps?cid=14313038073621408912,43.6316646,1.3727549,https://www.toulouse.aeroport.fr/en/shopping-and-services/la-croix-du-sud-lounge,toulouse.aeroport.fr,"среда:[05:15–21:00], четверг:[05:15–21:00], пятница:[05:15–21:00], суббота:[05:15–20:00], воскресенье:[05:45–21:00], понедельник:[05:15–21:00], вторник:[05:15–21:00]",https://lh5.googleusercontent.com/p/AF1QipOfbvXvZZOB5xHaFY_7eErKFQG_blX3Hnr2QEte=w80-h106-k-no,14313038073621408912,ChIJa871zWClrhIRkGzYUksgosY,/g/11s7cst7jy,8FM3J9JF+M4,https://www.google.com/search?kgmid=/g/11s7cst7jy,"reservation@toulouse.aeroport.fr,objets_trouves@toulouse.aeroport.fr","{""youtube"":""https://www.youtube.com/user/aeroporttoulouse"",""facebook"":""https://www.facebook.com/aeroporttoulouse/"",""twitter"":""https://twitter.com/aeroport_tls"",""linkedin"":""https://www.linkedin.com/company/a%c3%a9roport-toulouse-blagnac/"",""instagram"":""https://www.instagram.com/aeroporttoulouse""}",https://www.facebook.com/aeroporttoulouse/,https://www.instagram.com/aeroporttoulouse,https://twitter.com/aeroport_tls,
Les Balambules,"1 Rue de l'Aiguette, 31100 Toulouse",1 Rue de l'Aiguette,31100 Toulouse,Диско-клуб,51rkZ8aAFI6dkdUP57a_4QM,,NO,,,,https://www.google.com/maps?cid=17335001895914277266,43.5849488,1.3956851,,,,https://lh5.googleusercontent.com/p/AF1QipOso4j9Rpyr3hhcUMgA7K5F9TOPX22bELugIItR=w162-h92-k-no,17335001895914277266,ChIJm5ugpFC6rhIRkomxKmFMkvA,/g/11flt3b29f,8FM3H9MW+X7,https://www.google.com/search?kgmid=/g/11flt3b29f,,,,,,
Cosmopolitain,"1 Rue des Trois Journées, 31000 Toulouse",1 Rue des Trois Journées,31000 Toulouse,"Бар,Комната отдыха,Ресторан средиземноморской кухни,Ресторан,Тапас-бар,Винный бар",05 61 29 89 33,"05 61 29 89 33, +33 5 61 29 89 33",YES,2440,3.8,"https://search.google.com/local/reviews?placeid=ChIJU5QHUZm8rhIR3BHeP0T05UY&q=night+club+in+Toulouse,+France&authuser=0&hl=ru&gl=FR",https://www.google.com/maps?cid=5108757926288167388,43.604874699999996,1.4483283,https://cosmopolitain-restaurant.fr/,cosmopolitain-restaurant.fr,"среда:[19:00–02:00], четверг:[19:00–02:00], пятница:[19:00–02:00], суббота:[19:00–03:00], воскресенье:[Закрыто], понедельник:[Закрыто], вторник:[19:00–02:00]",https://lh5.googleusercontent.com/p/AF1QipM6LW1GGigm-WNT1kHO2bQca-HyolWQq778XrGO=w122-h92-k-no,5108757926288167388,ChIJU5QHUZm8rhIR3BHeP0T05UY,/g/11b6rgd_80,8FM3JC3X+W8,https://www.google.com/search?kgmid=/g/11b6rgd_80,,"{""facebook"":""https://www.facebook.com/cosmopolitaintoulouse/"",""instagram"":""https://www.instagram.com/lecosmopolitaintoulouse/"",""yelp"":""https://www.yelp.com/biz/cosmopolitain-toulouse""}",https://www.facebook.com/cosmopolitaintoulouse/,https://www.instagram.com/lecosmopolitaintoulouse/,,https://www.yelp.com/biz/cosmopolitain-toulouse
New Delhi Palace - Restaurant & Bar Tapas indien à Toulouse,"42 Bd Lazare Carnot, 31000 Toulouse",42 Bd Lazare Carnot,31000 Toulouse,"Ресторан индийской кухни,Гриль-бар,Бистро,Комната отдыха",05 62 80 95 29,"05 62 80 95 29, +33 5 62 80 95 29",YES,739,4.6,"https://search.google.com/local/reviews?placeid=ChIJSz4hKuW9rhIRUZKPPEZBT-Y&q=night+club+in+Toulouse,+France&authuser=0&hl=ru&gl=FR",https://www.google.com/maps?cid=16595554921803125329,43.6043379,1.4504689,https://newdelhipalace.fr/,newdelhipalace.fr,"среда:[12:00–00:00], четверг:[12:00–02:00], пятница:[12:00–02:00], суббота:[12:00–03:00], воскресенье:[12:00–00:00], понедельник:[12:00–00:00], вторник:[12:00–00:00]",https://lh5.googleusercontent.com/p/AF1QipPbi9XAV3op-gHgZ1p-j4yNtJMjBC1B436Px_IL=w122-h92-k-no,16595554921803125329,ChIJSz4hKuW9rhIRUZKPPEZBT-Y,/g/11k2bvs9zh,8FM3JF32+P5,https://www.google.com/search?kgmid=/g/11k2bvs9zh,contact@newdelhipalace.fr,"{""instagram"":""https://www.instagram.com/newdelhipalace_toulouse/"",""facebook"":""https://www.facebook.com/newdelhipalacetoulouse/""}",https://www.facebook.com/newdelhipalacetoulouse/,https://www.instagram.com/newdelhipalace_toulouse/,,
The Samurai Lounge Bar,"18 Chem. de la Loge, 31400 Toulouse",18 Chem. de la Loge,31400 Toulouse,"Бар,Казино,Диджей,Комната отдыха,Суши",05 61 33 37 77,"05 61 33 37 77, +33 5 61 33 37 77",YES,116,3.5,"https://search.google.com/local/reviews?placeid=ChIJ7-ciko27rhIRJY3trUJg03Y&q=night+club+in+Toulouse,+France&authuser=0&hl=ru&gl=FR",https://www.google.com/maps?cid=8562293156063579429,43.571521999999995,1.433465,https://www.casinosbarriere.com/toulouse/samourai-lounge-bar,casinosbarriere.com,"среда:[Закрыто], четверг:[18:45–00:30], пятница:[18:45–03:30], суббота:[18:45–03:30], воскресенье:[Закрыто], понедельник:[Закрыто], вторник:[Закрыто]",https://lh5.googleusercontent.com/p/AF1QipMr5TLjcYhObU-QxPGBTyzzAdSMgaqMErhdPBUF=w137-h92-k-no,8562293156063579429,ChIJ7-ciko27rhIRJY3trUJg03Y,/g/1td8vz_3,8FM3HCCM+J9,https://www.google.com/search?kgmid=/g/1td8vz_3,menton@casinosbarriere.com,"{""facebook"":""https://www.facebook.com/casinosbarriere/"",""linkedin"":""https://www.linkedin.com/company/groupe-lucien-barriere"",""instagram"":""https://www.instagram.com/casinos.barriere/"",""yelp"":""https://www.yelp.com/biz/samoura%c3%af-lounge-bar-toulouse""}",https://www.facebook.com/casinosbarriere/,https://www.instagram.com/casinos.barriere/,,https://www.yelp.com/biz/samoura%c3%af-lounge-bar-toulouse
La Fugue,"26 Rue du Languedoc, 31000 Toulouse",26 Rue du Languedoc,31000 Toulouse,Ночной клуб,B1vkZ4-_EuzU7M8PvtWP4Qc,,NO,,,,https://www.google.com/maps?cid=3522876230918805434,43.596338599999996,1.4457910999999999,,,,https://streetviewpixels-pa.googleapis.com/v1/thumbnail?panoid=hwbYxP2sAGDa9eSNdJRFkg&cb_client=search.gws-prod.gps&w=80&h=92&yaw=135.17036&pitch=0&thumbfov=100,3522876230918805434,ChIJUe-ulaa9rhIRuheVW0TF4zA,/g/11smfzh0jz,8FM3HCWW+G8,https://www.google.com/search?kgmid=/g/11smfzh0jz,,"{""facebook"":""https://www.facebook.com/agence.speakeasy/"",""instagram"":""https://www.instagram.com/agence.speakeasy/""}",https://www.facebook.com/agence.speakeasy/,https://www.instagram.com/agence.speakeasy/,,
The Nasdrovia Bar,"2 Rue Maletache, 31000 Toulouse",2 Rue Maletache,31000 Toulouse,"Коктейль-бар,Бар,Винный бар",06 78 85 03 67,"06 78 85 03 67, +33 6 78 85 03 67",YES,354,4.5,"https://search.google.com/local/reviews?placeid=ChIJUXaIvYK8rhIRjSivBxU6iEg&q=night+club+in+Toulouse,+France&authuser=0&hl=ru&gl=FR",https://www.google.com/maps?cid=5226491229561104525,43.5984055,1.4444373,http://www.lenasdrovia.com/,lenasdrovia.com,"среда:[18:00–02:00], четверг:[18:00–02:00], пятница:[18:00–02:00], суббота:[18:00–02:45], воскресенье:[Закрыто], понедельник:[19:00–02:00], вторник:[18:00–02:00]",https://lh5.googleusercontent.com/p/AF1QipMkfLXIubmMI_JxzwS3RcNuxJP4mvGvAtbZpDAn=w80-h100-k-no,5226491229561104525,ChIJUXaIvYK8rhIRjSivBxU6iEg,/g/1pp2vg77b,8FM3HCXV+9Q,https://www.google.com/search?kgmid=/g/1pp2vg77b,nasdrovia.tolosa@gmail.com,"{""facebook"":""https://www.facebook.com/nasdrovia"",""instagram"":""https://instagram.com/nasdroviatolosa"",""yelp"":""https://www.yelp.com/biz/nasdrovia-toulouse""}",https://www.facebook.com/nasdrovia,https://instagram.com/nasdroviatolosa,,https://www.yelp.com/biz/nasdrovia-toulouse
Hoppy Monkey Club Toulouse Purpan,"36 Rte de Bayonne, 31300 Toulouse",36 Rte de Bayonne,31300 Toulouse,"Пивной зал,Брассери,Тапас-бар",05 81 60 32 99,"05 81 60 32 99, +33 5 81 60 32 99",YES,401,4.3,"https://search.google.com/local/reviews?placeid=ChIJE_o4YAO7rhIRDOpTyqZCsAk&q=night+club+in+Toulouse,+France&authuser=0&hl=ru&gl=FR",https://www.google.com/maps?cid=698131226368928268,43.6087798,1.392013,http://www.hoppymonkey.fr/,hoppymonkey.fr,"среда:[10:00–00:00], четверг:[10:00–00:00], пятница:[10:00–00:00], суббота:[10:00–00:00], воскресенье:[Закрыто], понедельник:[10:00–00:00], вторник:[10:00–00:00]",https://lh5.googleusercontent.com/p/AF1QipPxTjT8HTCs6Yq-tqJMy5kskat31MB5a2_ghkqs=w122-h92-k-no,698131226368928268,ChIJE_o4YAO7rhIRDOpTyqZCsAk,/g/11kqcy_kl5,8FM3J95R+GR,https://www.google.com/search?kgmid=/g/11kqcy_kl5,,"{""facebook"":""https://www.facebook.com/people/hoppy-monkey-club/100093494329548/"",""instagram"":""https://www.instagram.com/hoppymonkeyclub/""}",https://www.facebook.com/people/hoppy-monkey-club/100093494329548/,https://www.instagram.com/hoppymonkeyclub/,,
The George and Dragon,"1 Pl. du Peyrou, 31000 Toulouse",1 Pl. du Peyrou,31000 Toulouse,"Бар,Гастрономический бар,Паб,Ресторан",05 61 23 16 22,"05 61 23 16 22, +33 5 61 23 16 22",YES,1737,4.5,"https://search.google.com/local/reviews?placeid=ChIJP-5e3GC7rhIRd9L7XYDUHRU&q=night+club+in+Toulouse,+France&authuser=0&hl=ru&gl=FR",https://www.google.com/maps?cid=1521605896918782583,43.607509,1.439481,http://www.georgeanddragonpub.fr/,georgeanddragonpub.fr,"среда:[16:00–02:00], четверг:[16:00–02:00], пятница:[16:00–02:00], суббота:[16:00–03:00], воскресенье:[16:00–01:00], понедельник:[16:00–02:00], вторник:[16:00–02:00]",https://lh5.googleusercontent.com/p/AF1QipO5BWBAKkHyueGeDSIU35b3uwbOkxWGGH1WLO6H=w122-h92-k-no,1521605896918782583,ChIJP-5e3GC7rhIRd9L7XYDUHRU,/g/1tfr7c1t,8FM3JC5Q+2Q,https://www.google.com/search?kgmid=/g/1tfr7c1t,"georgeanddragon.toulouse@wellsandco.com,privacy@wellsandco.com,legalservices@wellsandco.com","{""facebook"":""https://www.facebook.com/eweberwade/posts/10227650191312834"",""instagram"":""https://www.instagram.com/wearewellsandco/"",""twitter"":""https://twitter.com/wearewellsandco"",""yelp"":""https://www.yelp.com/biz/the-george-and-dragon-pub-toulouse""}",https://www.facebook.com/eweberwade/posts/10227650191312834,https://www.instagram.com/wearewellsandco/,https://twitter.com/wearewellsandco,https://www.yelp.com/biz/the-george-and-dragon-pub-toulouse
Le parking de l'atelier,"120 Imp. Jeanne Barret, 31320 Auzeville-Tolosane",120 Imp. Jeanne Barret,31320 Auzeville-Tolosane,Ночной клуб,B1vkZ4-_EuzU7M8PvtWP4Qc,,YES,13,5,"https://search.google.com/local/reviews?placeid=ChIJKTvB2e-_rhIR0HliVtDFb18&q=night+club+in+Toulouse,+France&authuser=0&hl=ru&gl=FR",https://www.google.com/maps?cid=6876932654611200464,43.5335914,1.4944539,,,,https://streetviewpixels-pa.googleapis.com/v1/thumbnail?panoid=amYSFl_zwanyEPo9iLylXA&cb_client=search.gws-prod.gps&w=80&h=92&yaw=254.67479&pitch=0&thumbfov=100,6876932654611200464,ChIJKTvB2e-_rhIR0HliVtDFb18,/g/11rhp4gdd8,8FM3GFMV+CQ,https://www.google.com/search?kgmid=/g/11rhp4gdd8,,,,,,
DJ EZ,"29 Rue Reclusane, 31300 Toulouse",29 Rue Reclusane,31300 Toulouse,Ночной клуб,B1vkZ4-_EuzU7M8PvtWP4Qc,,NO,,,,https://www.google.com/maps?cid=11187969902999026822,43.598796,1.4324546,,,,https://streetviewpixels-pa.googleapis.com/v1/thumbnail?panoid=WeZuGYcTFy-Dj0OswEVBWw&cb_client=search.gws-prod.gps&w=80&h=92&yaw=181.7634&pitch=0&thumbfov=100,11187969902999026822,ChIJ-SE7QQC7rhIRhrwEslmnQ5s,/g/11wfcf93vp,8FM3HCXJ+GX,https://www.google.com/search?kgmid=/g/11wfcf93vp,,"{""facebook"":""https://www.facebook.com/groups/sortiessurtoulouse/posts/10160722915002383/""}",https://www.facebook.com/groups/sortiessurtoulouse/posts/10160722915002383/,,,
Blackout,"1 Rue du Puits Vert, 31000 Toulouse",1 Rue du Puits Vert,31000 Toulouse,Ночной клуб,09 50 04 44 86,"09 50 04 44 86, +33 9 50 04 44 86",NO,5,3.6,"https://search.google.com/local/reviews?placeid=ChIJLyi2fp28rhIRh0c6bWNZoAU&q=night+club+in+Toulouse,+France&authuser=0&hl=ru&gl=FR",https://www.google.com/maps?cid=405422250032514951,43.6018793,1.4436767,,,,https://streetviewpixels-pa.googleapis.com/v1/thumbnail?panoid=SZWl7JgQoi0w0xWz8cIYew&cb_client=search.gws-prod.gps&w=80&h=92&yaw=45.497635&pitch=0&thumbfov=100,405422250032514951,ChIJLyi2fp28rhIRh0c6bWNZoAU,/g/113fcm342,8FM3JC2V+QF,https://www.google.com/search?kgmid=/g/113fcm342,,"{""facebook"":""https://www.facebook.com/people/blackout-by-mlk-evenements/100069223093542/"",""yelp"":""https://www.yelp.com/biz/blackout-discoth%c3%a8que-toulouse""}",https://www.facebook.com/people/blackout-by-mlk-evenements/100069223093542/,,,https://www.yelp.com/biz/blackout-discoth%c3%a8que-toulouse
Santorino,"10 Imp. de Candie, 31100 Toulouse",10 Imp. de Candie,31100 Toulouse,"Ресторан,Комната отдыха",06 28 54 08 55,"06 28 54 08 55, +33 6 28 54 08 55",YES,6,5,"https://search.google.com/local/reviews?placeid=ChIJKRjDXAC5rhIRM4S7ua9557U&q=night+club+in+Toulouse,+France&authuser=0&hl=ru&gl=FR",https://www.google.com/maps?cid=13107579036127429683,43.5442596,1.3847715,https://santorino.fr/,santorino.fr,"среда:[10:00–02:00], четверг:[10:00–02:00], пятница:[15:00–02:00], суббота:[10:00–03:00], воскресенье:[10:00–02:00], понедельник:[10:00–02:00], вторник:[10:00–02:00]",https://lh5.googleusercontent.com/p/AF1QipOon-IqjU0K8Gl0QxJPTYXAFMZoxMxUnOcnyfMT=w163-h92-k-no,13107579036127429683,ChIJKRjDXAC5rhIRM4S7ua9557U,/g/11w_q4fnrx,8FM3G9VM+PW,https://www.google.com/search?kgmid=/g/11w_q4fnrx,,"{""instagram"":""https://www.instagram.com/santorino.fr/""}",,https://www.instagram.com/santorino.fr/,,
Le Duplex,"24 All. Jean Jaurès, 31000 Toulouse",24 All. Jean Jaurès,31000 Toulouse,"Бар,Брассери,Тапас-бар",05 82 95 20 62,"05 82 95 20 62, +33 5 82 95 20 62",YES,1043,4,"https://search.google.com/local/reviews?placeid=ChIJcw6mGZm8rhIRaDzrWGMtQg0&q=night+club+in+Toulouse,+France&authuser=0&hl=ru&gl=FR",https://www.google.com/maps?cid=955375975672790120,43.605881,1.449503,https://www.leduplextoulouse.fr/,leduplextoulouse.fr,"среда:[12:00–02:00], четверг:[12:00–02:00], пятница:[12:00–02:00], суббота:[18:00–03:00], воскресенье:[Закрыто], понедельник:[Закрыто], вторник:[12:00–02:00]",https://lh5.googleusercontent.com/p/AF1QipNk3B_069FtiAgJMB35V1mz027-DyGxF93LSeV5=w142-h92-k-no,955375975672790120,ChIJcw6mGZm8rhIRaDzrWGMtQg0,/g/125_wyfr2,8FM3JC4X+9R,https://www.google.com/search?kgmid=/g/125_wyfr2,contact@etre-visible.local.fr,"{""yelp"":""https://www.yelp.com/biz/le-duplex-toulouse-2"",""facebook"":""https://www.facebook.com/leduplex.toulouse"",""instagram"":""https://www.instagram.com/leduplextoulouse/""}",https://www.facebook.com/leduplex.toulouse,https://www.instagram.com/leduplextoulouse/,,https://www.yelp.com/biz/le-duplex-toulouse-2
Casa Prima Ros,31200 Toulouse,31200 Toulouse,,Ночной клуб,B1vkZ4-_EuzU7M8PvtWP4Qc,,NO,,,,https://www.google.com/maps?cid=8224465062448745594,43.6526942,1.4403523999999999,,,,https://streetviewpixels-pa.googleapis.com/v1/thumbnail?panoid=swd63oHWQaHTSJMRsrYfsA&cb_client=search.gws-prod.gps&w=80&h=92&yaw=15.616026&pitch=0&thumbfov=100,8224465062448745594,ChIJWfbi1wOlrhIRekzeMmYrI3I,/g/11j1hl9r7n,8FM3MC3R+34,https://www.google.com/search?kgmid=/g/11j1hl9r7n,,,,,,
La Comtesse,"20 Rue Peyrolières, 31000 Toulouse",20 Rue Peyrolières,31000 Toulouse,"Бар,Коктейль-бар,Ресторан,Тапас-бар",05 61 73 63 53,"05 61 73 63 53, +33 5 61 73 63 53",YES,213,4.5,"https://search.google.com/local/reviews?placeid=ChIJl7bAUV-7rhIRxTs8d2HhNNs&q=night+club+in+Toulouse,+France&authuser=0&hl=ru&gl=FR",https://www.google.com/maps?cid=15795497601823685573,43.6006934,1.4407314999999998,http://lacomtesse-toulouse.fr/,lacomtesse-toulouse.fr,"среда:[17:00–01:30], четверг:[17:00–01:30], пятница:[17:00–01:30], суббота:[17:00–02:30], воскресенье:[17:00–01:30], понедельник:[17:00–01:30], вторник:[17:00–01:30]",https://lh5.googleusercontent.com/p/AF1QipMCkBqDb6E3zABuXa35-oo_L9uHH_o9mlE8dxQW=w122-h92-k-no,15795497601823685573,ChIJl7bAUV-7rhIRxTs8d2HhNNs,/g/11ft8szsbj,8FM3JC2R+77,https://www.google.com/search?kgmid=/g/11ft8szsbj,,"{""facebook"":""https://www.facebook.com/lacomtessetoulouse/"",""instagram"":""https://www.instagram.com/lacomtessetoulouse/"",""tiktok"":""https://www.tiktok.com/@groupebyp"",""yelp"":""https://www.yelp.com/biz/la-comtesse-toulouse-2""}",https://www.facebook.com/lacomtessetoulouse/,https://www.instagram.com/lacomtessetoulouse/,,https://www.yelp.com/biz/la-comtesse-toulouse-2
Complexe La Voile Blanche,"Parc de Sesquières, 26 All. des Foulques, 31200 Toulouse",Parc de Sesquières,26 All. des Foulques,"Ночной клуб,Ресторан,Тапас-бар",05 62 27 07 45,"05 62 27 07 45, +33 5 62 27 07 45",YES,2497,3.6,"https://search.google.com/local/reviews?placeid=ChIJizRnCMKkrhIR2VeT59hP_Pk&q=night+club+in+Toulouse,+France&authuser=0&hl=ru&gl=FR",https://www.google.com/maps?cid=18013360402591864793,43.6511072,1.4204915999999999,http://www.lavoile-blanche.fr/,lavoile-blanche.fr,"среда:[Закрыто], четверг:[Закрыто], пятница:[12:00–15:00], суббота:[20:00–03:00], воскресенье:[Закрыто], понедельник:[Закрыто], вторник:[Закрыто]",https://lh5.googleusercontent.com/p/AF1QipPn87JSALmtG7S8jnzkMvFfDsuAAFpGVR1aq1aP=w138-h92-k-no,18013360402591864793,ChIJizRnCMKkrhIR2VeT59hP_Pk,/g/1tf5s8bx,8FM3MC2C+C5,https://www.google.com/search?kgmid=/g/1tf5s8bx,contact@lavoile-blanche.fr,"{""yelp"":""https://www.yelp.com/biz/la-voile-blanche-toulouse"",""facebook"":""https://www.facebook.com/la-voile-blanche-toulouse-132561293490868/""}",https://www.facebook.com/la-voile-blanche-toulouse-132561293490868/,,,https://www.yelp.com/biz/la-voile-blanche-toulouse
L'Evasion Bar,"29 Gd Rue Saint-Michel, 31400 Toulouse",29 Gd Rue Saint-Michel,31400 Toulouse,"Бар,Пивной зал,Винный бар",05 81 97 03 45,"05 81 97 03 45, +33 5 81 97 03 45",YES,535,4.3,"https://search.google.com/local/reviews?placeid=ChIJi9NDuH68rhIRX6IXFEAoY0s&q=night+club+in+Toulouse,+France&authuser=0&hl=ru&gl=FR",https://www.google.com/maps?cid=5432229831219061343,43.585836799999996,1.4470558999999998,https://www.facebook.com/levasion.bar,facebook.com,"среда:[15:00–01:00], четверг:[15:00–02:00], пятница:[15:00–02:00], суббота:[08:00–00:00], воскресенье:[Закрыто], понедельник:[15:00–00:00], вторник:[15:00–00:00]",https://lh5.googleusercontent.com/p/AF1QipOxfgidgs-5QMM73ByGsuQHOZSJgLj6eiv6aTWb=w122-h92-k-no,5432229831219061343,ChIJi9NDuH68rhIRX6IXFEAoY0s,/g/11_rv103g,8FM3HCPW+8R,https://www.google.com/search?kgmid=/g/11_rv103g,,"{""facebook"":""https://www.facebook.com/levasion.bar/"",""yelp"":""https://www.yelp.com/biz/l-evasion-toulouse""}",https://www.facebook.com/levasion.bar/,,,https://www.yelp.com/biz/l-evasion-toulouse
Totebag,"86 Rte de Bayonne, 31300 Toulouse",86 Rte de Bayonne,31300 Toulouse,Ночной клуб,B1vkZ4-_EuzU7M8PvtWP4Qc,,NO,,,,https://www.google.com/maps?cid=7863011215713154643,43.608845099999996,1.3889945,,,,https://streetviewpixels-pa.googleapis.com/v1/thumbnail?panoid=LMrIciC8Optthy38ZL2aWw&cb_client=search.gws-prod.gps&w=80&h=92&yaw=23.689884&pitch=0&thumbfov=100,7863011215713154643,ChIJkzy5h3K7rhIRU7Z-aQoHH20,/g/11kbbmp3xt,8FM3J95Q+GH,https://www.google.com/search?kgmid=/g/11kbbmp3xt,,"{""instagram"":""https://www.instagram.com/cockpittoulouse/""}",,https://www.instagram.com/cockpittoulouse/,,
ARISTON,"48 Rue du Général Jean Compans, 31500 Toulouse",48 Rue du Général Jean Compans,31500 Toulouse,"Ночной клуб,Бар с живой музыкой,Рок-клуб",B1vkZ4-_EuzU7M8PvtWP4Qc,,YES,,,,https://www.google.com/maps?cid=10871320812369325902,43.6095095,1.4557414,http://www.ariston-discotheque.com/,ariston-discotheque.com,,https://lh5.googleusercontent.com/p/AF1QipON1En3zkneKxj9HRP5ree9nl6W6Ho24MpYxU4=w229-h92-k-no,10871320812369325902,ChIJ6d3IP_y9rhIRTq-VHK6w3pY,/g/11kxjr5pmt,8FM3JF54+R7,https://www.google.com/search?kgmid=/g/11kxjr5pmt,,,,,,
Le scénario,"35 Bd de Thibaud, 31100 Toulouse",35 Bd de Thibaud,31100 Toulouse,Комната отдыха,06 29 82 66 26,"06 29 82 66 26, +33 6 29 82 66 26",YES,33,4.1,"https://search.google.com/local/reviews?placeid=ChIJaxyOUoG5rhIReIq_vkvkPdw&q=night+club+in+Toulouse,+France&authuser=0&hl=ru&gl=FR",https://www.google.com/maps?cid=15870091675897399928,43.5478439,1.3999078,,,,https://lh5.googleusercontent.com/p/AF1QipNcL6pAjLRSolYJfs7Vkn2Akl92ft_1IFxhgDCY=w80-h106-k-no,15870091675897399928,ChIJaxyOUoG5rhIReIq_vkvkPdw,/g/11h2dkbr91,8FM3G9XX+4X,https://www.google.com/search?kgmid=/g/11h2dkbr91,,"{""yelp"":""https://www.yelp.com/biz/le-sc%c3%a9nario-toulouse-2""}",,,,https://www.yelp.com/biz/le-sc%c3%a9nario-toulouse-2
Le Phoenix Club à Toulouse,"6 Rue Georges Brassens, 31140 Fonbeauzard",6 Rue Georges Brassens,31140 Fonbeauzard,Ночной клуб,B1vkZ4-_EuzU7M8PvtWP4Qc,,NO,1,1,"https://search.google.com/local/reviews?placeid=ChIJDSJVe2ClrhIRwpNyctzt7qQ&q=night+club+in+Toulouse,+France&authuser=0&hl=ru&gl=FR",https://www.google.com/maps?cid=11884697997746017218,43.683404499999995,1.4409052999999998,,,,,11884697997746017218,ChIJDSJVe2ClrhIRwpNyctzt7qQ,/g/11j9044j7z,8FM3MCMR+99,https://www.google.com/search?kgmid=/g/11j9044j7z,,,,,,
Le 84 Ramblas,"84 All. Jean Jaurès, 31000 Toulouse",84 All. Jean Jaurès,31000 Toulouse,"Бар,Коктейль-бар,Комедийный клуб,Комната отдыха",05 61 10 23 30,"05 61 10 23 30, +33 5 61 10 23 30",YES,8,4.4,"https://search.google.com/local/reviews?placeid=ChIJPWYqiQW9rhIR_iGs8BLjS8w&q=night+club+in+Toulouse,+France&authuser=0&hl=ru&gl=FR",https://www.google.com/maps?cid=14721109477477327358,43.6084843,1.4534277999999998,https://www.bar-ramblas-toulouse.fr/fr/le-bar,bar-ramblas-toulouse.fr,,https://lh5.googleusercontent.com/p/AF1QipNHYZ1mN-F5T_41GEdepIDcLq9XE2tKOjFNKKc7=w137-h92-k-no,14721109477477327358,ChIJPWYqiQW9rhIR_iGs8BLjS8w,/g/11hylzcyt1,8FM3JF53+99,https://www.google.com/search?kgmid=/g/11hylzcyt1,,"{""yelp"":""https://www.yelp.com/biz/le-84-toulouse"",""facebook"":""https://www.facebook.com/restaurantsw""}",https://www.facebook.com/restaurantsw,,,https://www.yelp.com/biz/le-84-toulouse
La Cave à Rock,"3 Bd des Minimes, 31200 Toulouse",3 Bd des Minimes,31200 Toulouse,Бар с живой музыкой,06 64 14 79 19,"06 64 14 79 19, +33 6 64 14 79 19",YES,423,4.4,"https://search.google.com/local/reviews?placeid=ChIJ__8vfaS8rhIRprpr7DB7eDA&q=night+club+in+Toulouse,+France&authuser=0&hl=ru&gl=FR",https://www.google.com/maps?cid=3492676961080949414,43.6145128,1.4503985,,,,https://lh5.googleusercontent.com/p/AF1QipMkzQmodHar1icaedfY_21n4AlhaUeg_xkguWzh=w163-h92-k-no,3492676961080949414,ChIJ__8vfaS8rhIRprpr7DB7eDA,/g/11fyzcqpy6,8FM3JF72+R5,https://www.google.com/search?kgmid=/g/11fyzcqpy6,lacavearockprog@gmail.com,"{""facebook"":""https://www.facebook.com/lacavearock31/""}",https://www.facebook.com/lacavearock31/,,,